Site,Disinfection_Type,Pathogen,length,breadth_eff,breadth_inf,breadth_minCov_eff,breadth_minCov_inf,coverage_eff,coverage_inf,Nucl_Diversity_Pi_eff,Nucl_Diversity_Pi_inf,SNV_count_eff,SNV_count_inf,SNVs_Density_eff,SNVs_Density_inf,Delta_Breadth,Delta_MinCov,Delta_Coverage,Delta_Pi,Delta_SNV_Density,.blind_row_id,Predicted_LRV,Observed_LRV,LRV_status,Strategy,Input_status,Absolute_Prediction_Error
BXH_O3_Cl,O3_Cl,Bordetella_hinzii,5033537,0.0021418338635436,0.0039677864690375,3.633627804861e-4,0.0023919561930308,0.0061831272920016,0.0401371838530242,0.014726781499653,0.0216496911283544,22,531,0.00437068407364443,0.1054924201411453,0.0018259526054939,0.0020285934125447,0.0339540565610226,-0.00692290962870139,-0.1011217360675008,1,0.4255476593971253,0.0751283602736658,Point estimate,Strict no-imputation,Complete,0.3504192991234595
BXH_O3_Cl,O3_Cl,Klebsiella_pneumoniae,5682322,0.0039172366507916,0.0168212924223582,1.353319998409e-4,0.0039427543880828,0.0060487596443847,0.12256521189753,0.0067608344074343,0.0097466752124649,6,507,0.0010559063706703,0.08922408832164033,0.0129040557715666,0.0038074223882419,0.1165164522531453,-0.00298584080503059,-0.08816818195097004,2,0.2637799084186554,0.714894662814804,Point estimate,Strict no-imputation,Complete,0.45111475439614857
BXH_O3_Cl,O3_Cl,Cupriavidus_metallidurans,6901105,0.0011661900521728,0.0045946265127105,4.847049856508e-4,0.0013715194885456,0.0160290272354934,0.423199183319193,0.0016326235548797,0.012274365115279,4,223,5.796173221534811e-4,0.03231366571005658,0.0034284364605377,8.868145028948001e-4,0.4071701560836996,-0.0106417415603993,-0.0317340483879031,3,0.3962740302085877,0.079793818691315,Point estimate,Strict no-imputation,Complete,0.3164802115172727
BXH_O3_Cl,O3_Cl,Acinetobacter_lwoffii,3528101,0.0023641613434535,0.0190759845027111,3.171677908313e-4,0.0048635228980122,0.0056560172171941,0.13959067498351,0.0010256070553776,0.0060150248026595,2,163,5.668771954090884e-4,0.0462004914258407,0.0167118231592576,0.0045463551071809,0.1339346577663159,-0.0049894177472819,-0.04563361423043161,4,0.3530179560184479,0.562951643168824,Point estimate,Strict no-imputation,Complete,0.20993368715037608
BXH_O3_Cl,O3_Cl,Aeromonas_hydrophila,4744448,0.0016954554038741,0.0916311022905088,3.16159013651324e-5,1.688289132898e-4,0.0022752910349107,0.114507736200291,0,0.0060402388578646,0,8,0,0.00168618140614039,0.0899356468866347,1.372130119246676e-4,0.1122324451653803,-0.0060402388578646,-0.00168618140614039,9,0.5185851454734802,0.34206556043514,Point estimate,Strict no-imputation,Complete,0.1765195850383402
CZSC_UV,UV,Acinetobacter_lwoffii,3528101,0.917022216767604,0.256515332185784,0.746758950494897,0.006713243186632,12.0609290947169,0.438258711981318,0.0201501138403841,0.0069392530581405,114358,225,32.41347115629626,0.06377368448352243,-0.66050688458182,-0.740045707308265,-11.62267038273558,0.0132108607822436,32.34969747181274,27,-1.4064899682998655,-1.25533069835019,Point estimate,Strict no-imputation,Complete,0.15115926994967555
CZSC_UV,UV,Aliarcobacter_cryaerophilus,2108340,0.527210506844247,0.613879165599476,0.248914786040202,0.365929119591716,3.00981198478423,5.92671770207841,0.0114751108237472,0.0134362711579112,9902,21259,4.696585939649203,10.08328827418728,0.086668658755229,0.117014333551514,2.916905717294179,-0.00196116033416399,-5.386702334538072,28,0.5971095561981201,0.436096660988315,Point estimate,Strict no-imputation,Complete,0.1610128952098051
CZSC_UV,UV,Escherichia_coli,10236257,0.0368206855298767,0.0454704292789834,2.715836462488e-4,1.99486980446e-4,0.0458949985331551,0.0572038197165233,0.0101867774193235,0.0126138568858557,33,32,0.0032238346497162,0.00312614269063389,0.0086497437491067,-7.209666580280003e-5,0.0113088211833682,-0.00242707946653219,9.769195908230924e-5,30,0.33063843846321106,0.569336801986105,Point estimate,Strict no-imputation,Complete,0.23869836352289397
CZSC_UV,UV,Achromobacter_xylosoxidans,6901970,0.0049516297520852,0.0038738215321132,1.122867818897e-4,3.12954127589659e-5,0.0084187558045021,0.0060604436124758,0.0108845880723769,0.0333889728343045,13,12,0.00188352021234517,0.00173863404216477,-0.001077808219972,-8.09913691307341e-5,-0.0023583121920263,-0.0225043847619276,1.448861701803977e-4,31,-6.940149469301105e-4,0.202941119509236,Point estimate,Strict no-imputation,Complete,0.2036351344561661
CZSC_UV,UV,Aeromonas_caviae,4586140,0.130320269333251,0.173871491057839,5.394514777132e-4,7.226120441155e-4,0.170676211367293,0.234877696712267,0.0048666128056031,0.0062259772526045,12,24,0.00261657952003209,0.00523315904006419,0.043551221724588,1.831605664023e-4,0.064201485344974,-0.0013593644470014,-0.00261657952003209,33,0.38010600209236145,0.399019294723587,Point estimate,Strict no-imputation,Complete,0.018913292631225542
CZSC_UV,UV,Cupriavidus_metallidurans,6901105,0.0017139284216078,0.0017368233058328,5.086142001896e-4,5.77878470187e-4,0.0174757520715885,0.0236189711647627,0.0021092676284306,0.0053231360067574,12,37,0.00173885196646044,0.0053614602299197,2.289488422499994e-5,6.926426999739996e-5,0.00614321909317419,-0.0032138683783268,-0.00362260826345925,34,0.20766040682792664,0.278083169435286,Point estimate,Strict no-imputation,Complete,0.07042276260735936
CZSC_UV,UV,Shigella_dysenteriae,5192674,0.0248721564265346,0.0298838324916988,3.63011427253e-4,5.284367938367e-4,0.0327638515339109,0.0397199978277088,0.0040891421252283,0.0038421114271305,5,8,9.62895032501559e-4,0.00154063205200249,0.0050116760651642,1.654253665837e-4,0.00695614629379789,2.470306980978006e-4,-5.777370195009352e-4,35,0.33727994561195374,0.276145259428194,Point estimate,Strict no-imputation,Complete,0.06113468618375972
CZSC_UV,UV,Bacteroides_fragilis,5241700,0.0374185855733826,0.0436858271171566,2.51063586241e-4,3.008565923268e-4,0.0491100215578915,0.0575431634774977,0.0020085064111147,0.0025271728360811,4,5,7.631112043802583e-4,9.538890054753228e-4,0.00626724154377399,4.979300608579996e-5,0.0084331419196062,-5.186664249663998e-4,-1.907778010950646e-4,36,0.22249996662139893,0.296175478281209,Point estimate,Strict no-imputation,Complete,0.07367551165981007
CZSC_UV,UV,Klebsiella_pneumoniae,5682322,0.0374954112068974,0.0299448007346292,0.0011461863653626,0.0014495834625351,0.057919808134773,0.0518369075177365,0.0017011377113344,0.0036699389158061,2,22,3.519687902234333e-4,0.00387165669245776,-0.0075506104722682,3.033970971725e-4,-0.0060829006170365,-0.0019688012044717,-0.00351968790223433,37,0.03679345920681953,0.308476797865379,Point estimate,Strict no-imputation,Complete,0.2716833386585595
CZSC_UV,UV,Staphylococcus_aureus,2821361,8.924770704635e-4,5.844696938817e-4,8.64830838733504e-5,2.555504240683e-4,0.001726471727652,0.0020128583332653,0.0159436452095625,0.0143685823670703,2,8,7.088777366668072e-4,0.00283551094666722,-3.080073765817999e-4,1.690673401949496e-4,2.863866056133e-4,0.00157506284249219,-0.00212663321000042,38,0.1064191609621048,0.273266927064757,Point estimate,Strict no-imputation,Complete,0.16684776610265223
GBD_O3,O3,Aliarcobacter_cryaerophilus,2108340,0.368705237295692,0.49513218930533,0.069243101207585,0.212256562034586,1.04538831497766,2.48752573114393,0.0084105458298483,0.010331239226958,1495,7138,0.7090886669133062,3.385601942760655,0.126426952009638,0.143013460827001,1.44213741616627,-0.0019206933971097,-2.676513275847349,53,0.4422735869884491,0.272091194573098,Point estimate,Strict no-imputation,Complete,0.1701823924153511
GBD_O3,O3,Aeromonas_caviae,4586140,0.463915842080704,0.514828810284901,0.0103636173339671,0.0186054067254815,0.800804162105823,0.966492518763055,0.0078695168778146,0.0079265408804596,468,874,0.1020466012812518,0.190574208375671,0.050912968204197,0.00824178939151439,0.165688356657232,-5.702400264499981e-5,-0.08852760709441927,54,0.24999156594276428,0.117606508849514,Point estimate,Strict no-imputation,Complete,0.13238505709325027
GBD_O3,O3,Bordetella_hinzii,5033537,0.0030795442647982,0.0028075685149428,0.0015939090146749,9.657225128174e-4,0.0172838701692269,0.0101391923810235,0.0197049664259402,0.0173759242372977,242,104,0.04807752481008881,0.02066141562086461,-2.719757498553998e-4,-6.281865018575001e-4,-0.0071446777882034,0.0023290421886425,0.0274161091892242,55,0.06488119065761566,-0.0691564958033926,Point estimate,Strict no-imputation,Complete,0.13403768646100828
GBD_O3,O3,Acinetobacter_lwoffii,3528101,0.0319432465227043,0.0243760028411884,0.0055959282344807,0.0068980451523354,0.117129866747012,0.127857167354335,0.0065745217127017,0.0078787318867743,204,347,0.05782147393172701,0.09835319340347684,-0.00756724368151589,0.0013021169178547,0.01072730060732301,-0.0013042101740726,-0.04053171947174981,56,-0.03056339360773563,-0.0559493933797291,Point estimate,Strict no-imputation,Complete,0.025385999771993472
GBD_O3,O3,Cupriavidus_metallidurans,6901105,0.0030125610318926,0.0021516844041642,0.0010699735766953,6.593147039495e-4,0.0986831818962325,0.0766639545406134,0.009379050100095,0.0042554414141308,111,32,0.01608438068975911,0.00463693857722784,-8.608766277284001e-4,-4.106588727457999e-4,-0.02201922735561911,0.00512360868596419,0.01144744211253126,57,0.075840063393116,-0.118557557375744,Point estimate,Strict no-imputation,Complete,0.19439762076886
GBD_O3,O3,Escherichia_coli,10236257,0.0589434204319019,0.075982558859161,6.111608960188e-4,7.758695390316e-4,0.0777204011192762,0.100440131583253,0.0118266178480804,0.0098686712765626,96,97,0.00937842807190167,0.00947612003098398,0.0170391384272591,1.647086430128e-4,0.02271973046397681,0.0019579465715178,-9.76919590823088e-5,58,0.10260209441184998,0.114545530008063,Point estimate,Strict no-imputation,Complete,0.011943435596213026
GBD_O3,O3,Achromobacter_xylosoxidans,6901970,0.0153380846338073,0.0072482204356146,0.0037319779715066,6.411213030482e-4,0.0515510788948661,0.015618874031617,0.0035545794834621,0.0077647207281683,94,36,0.01361929999695739,0.00521590212649432,-0.0080898641981927,-0.0030908566684584,-0.0359322048632491,-0.0042101412447062,0.00840339787046307,59,-0.01309490576386451,-0.243879039646363,Point estimate,Strict no-imputation,Complete,0.2307841338824985
GBD_O3,O3,Klebsiella_pneumoniae,5682322,0.090721891508436,0.102463218381499,0.0016315513270806,0.0019277330640536,0.130200998817032,0.149713620593834,0.0043823918199705,0.0046804594649695,34,70,0.00598346943379836,0.01231890765782017,0.01174132687306299,2.961817369729999e-4,0.01951262177680199,-2.980676449990003e-4,-0.00633543822402179,61,0.15174096822738647,0.087108735259346,Point estimate,Strict no-imputation,Complete,0.06463223296804048
GBD_O3,O3,Shigella_dysenteriae,5192674,0.0404928173807945,0.0516196472183695,6.141344517294e-4,7.918848747291e-4,0.0520600754062357,0.0678305628275527,0.0060334881296274,0.007155625939601,27,14,0.00519963317550841,0.00269610609100436,0.011126829837575,1.777504229997e-4,0.015770487421317,-0.0011221378099736,0.00250352708450405,62,0.144001767039299,-0.229699296894413,Point estimate,Strict no-imputation,Complete,0.37370106393371205
GBD_O3,O3,Pseudomonas_alcaligenes,4406305,0.1548006776653,0.0292369683896144,2.904928278909e-4,6.78573090151498e-5,0.20031205284246,0.0352265673846908,0.0147309459978715,0,26,0,0.00590063556653477,0,-0.1255637092756856,-2.226355188757502e-4,-0.1650854854577692,0.0147309459978715,0.00590063556653477,63,-0.2997417449951172,-0.481233201630694,Point estimate,Strict no-imputation,Complete,0.1814914566355768
GBD_O3,O3,Shigella_boydii,4825405,0.0728299489887377,0.0880508475454391,8.681136609258e-4,0.0011808335258905,0.0954205916394582,0.116644716868325,0.0040130119501306,0.0048809054233434,18,28,0.00373025683854515,0.00580262174884802,0.0152208985567014,3.127198649647001e-4,0.02122412522886681,-8.678934732127995e-4,-0.00207236491030286,64,0.13707080483436584,0.0494238115809076,Point estimate,Strict no-imputation,Complete,0.08764699325345825
GBD_O3,O3,Nocardia_farcinica,6292344,0.0012661418383991,9.889796234916e-4,2.274192256494e-4,8.7089962023691e-5,0.0037858705754166,0.0021275060613341,0.0081130971365421,0.0069383616647581,15,4,0.00238384932546599,6.356931534575986e-4,-2.771622149075001e-4,-1.40329263625709e-4,-0.0016583645140825,0.001174735471784,0.00174815617200839,65,2.6043783873319626e-4,0.558603199615157,Point estimate,Strict no-imputation,Complete,0.5583427617764238
GBD_O3,O3,Chryseobacterium_gleum,5643321,0.0743099674819135,0.135099172986969,3.928537823738e-4,0.0019357396114805,0.101103587763304,0.21174340428269,0.0049173057375052,0.0029482153397434,9,40,0.00159480561180198,0.00708802494134216,0.0607892055050555,0.0015428858291067,0.110639816519386,0.0019690903977618,-0.00549321932954017,66,0.2461775541305542,0.309771527390528,Point estimate,Strict no-imputation,Complete,0.06359397325997379
GBD_O3,O3,Aeromonas_hydrophila,4744448,0.073867813494847,0.0692042572708142,2.46604030648e-4,3.876109507365e-4,0.0927770733286569,0.0906356229428586,0.0063388568723303,0.0151281537667378,7,27,0.00147540873037284,0.00569086224572384,-0.0046635562240328,1.410069200885e-4,-0.00214145038579829,-0.0087892968944075,-0.00421545351535099,67,-0.0219605416059494,0.00415411135535741,Point estimate,Strict no-imputation,Complete,0.026114652961306807
GBD_O3,O3,Staphylococcus_aureus,2821361,4.150479148184e-4,3.66844228725e-4,1.293701869416e-4,2.289675089433e-4,0.0014188187899386,0.0025686184788121,0.0248715438254891,0.0169698841431561,6,18,0.00212663321000042,0.00637989963000126,-4.82036860934e-5,9.95973220017e-5,0.0011497996888735,0.007901659682333,-0.00425326642000084,70,0.2069786787033081,0.116184088654691,Point estimate,Strict no-imputation,Complete,0.0907945900486171
GBD_O3,O3,Mycobacterium_kansasii,6577228,0.0043501608884471,0.0010946860896413,1.474785426321e-4,3.55772979133458e-5,0.0078492033421981,0.0017437437169579,0.0071273414744533,0.0073428688905178,4,0,6.081589386896729e-4,0,-0.0032554747988058,-1.119012447187542e-4,-0.0061054596252402,-2.155274160644998e-4,6.081589386896729e-4,71,-0.01766221597790718,-0.220397811867884,Point estimate,Strict no-imputation,Complete,0.20273559588997683
GBD_O3,O3,Laribacter_hongkongensis,3110307,0.081031550904782,0.0679826782372286,2.089825859633e-4,2.257011928404e-4,0.100762722136432,0.082790862766922907,0.002215384703416,0,3,0,9.645350121386732e-4,0,-0.01304887266755339,1.671860687710002e-5,-0.0179718593695091,0.002215384703416,9.645350121386732e-4,72,-0.04849653318524361,-0.0340352310214161,Point estimate,Strict no-imputation,Complete,0.01446130216382751
GBD_O3,O3,Mycobacterium_xenopi,5251936,0.0012762912571668,6.281493148431e-4,1.098642481553e-4,1.818377070855e-4,0.0028376202604143,0.0022477425467484,0.0036893511768849,0.0012954842981864,3,1,5.712179280174016e-4,1.904059760058005e-4,-6.481419423237e-4,7.19734589302e-5,-5.8987771366589e-4,0.0023938668786985,3.808119520116011e-4,73,0.0051169628277421,-0.0681699512453105,Point estimate,Strict no-imputation,Complete,0.0732869140730526
GBD_O3,O3,Bacteroides_fragilis,5241700,0.02991987332354,0.0377780109506457,2.291241391151e-4,7.91727874544518e-5,0.0391655378980101,0.0466352519220862,0.0012674622988323,0.0050120482961815,2,3,3.815556021901291e-4,5.723334032851937e-4,0.0078581376271057,-1.499513516606482e-4,0.0074697140240761,-0.0037445859973492,-1.907778010950646e-4,74,0.2745320200920105,0.104191708330086,Point estimate,Strict no-imputation,Complete,0.1703403117619245
GBD_O3,O3,Nocardia_brasiliensis,8935513,5.034965535834e-4,4.714894377077e-4,6.88264904320546e-5,2.79782481431116e-5,0.0011644546877163,7.389614899558e-4,0.0039530262714478,0.008,1,1,1.119129925724466e-4,1.119129925724466e-4,-3.200711587570001e-5,-4.084824228894299e-5,-4.254931977605e-4,-0.0040469737285522,0,75,0.1932557225227356,0.634061534859818,Point estimate,Strict no-imputation,Complete,0.4408058123370824
GBD_O3,O3,Shigella_sonnei,4994001,0.0456295463296863,0.0604204925069097,4.10492508912192e-5,2.92350762444779e-5,0.0518371942656798,0.0705632618015093,0,0.0043835615458553,0,0,0,0,0.0147909461772234,-1.18141746467413e-5,0.0187260675358295,-0.0043835615458553,0,81,0.2871045470237732,0.276856786936626,Point estimate,Strict no-imputation,Complete,0.010247760087147173
GBD_UF,UF,Aliarcobacter_cryaerophilus,2108340,0.49513218930533,0.451452801730271,0.212256562034586,0.151435726685449,2.48752573114393,1.79405693578834,0.010331239226958,0.0096649419678064,7138,4258,3.385601942760655,2.019598357001243,-0.04367938757505896,-0.06082083534913701,-0.69346879535559,6.662972591515992e-4,1.366003585759412,83,0.4909399449825287,0.482102792054348,Point estimate,Strict no-imputation,Complete,0.008837152928180714
GBD_UF,UF,Aeromonas_caviae,4586140,0.514828810284901,0.417641415220643,0.0186054067254815,0.0072904446876894,0.966492518763055,0.68403341372047,0.0079265408804596,0.0075325326978741,874,324,0.190574208375671,0.07064764704086661,-0.097187395064258,-0.0113149620377921,-0.282459105042585,3.940081825855e-4,0.1199265613348044,84,0.4294206500053406,0.496983861064114,Point estimate,Strict no-imputation,Complete,0.06756321105877344
GBD_UF,UF,Acinetobacter_lwoffii,3528101,0.0243760028411884,0.0175887821805554,0.0068980451523354,0.0043740244397764,0.127857167354335,0.0748915634784831,0.0078787318867743,0.0052723658419352,347,128,0.09835319340347684,0.03628014050618165,-0.006787220660633,-0.002524020712559,-0.0529656038758519,0.0026063660448391,0.06207305289729517,85,0.46037158370018005,0.38489892973477,Point estimate,Strict no-imputation,Complete,0.07547265396541003
GBD_UF,UF,Bordetella_hinzii,5033537,0.0028075685149428,0.0024960579409667,9.657225128174e-4,5.443488346266e-4,0.0101391923810235,0.0077019400075929,0.0173759242372977,0.0185731795147388,104,67,0.02066141562086461,0.01331071967882624,-3.115105739761002e-4,-4.213736781908e-4,-0.00243725237343059,-0.00119725527744109,0.00735069594203837,87,0.472227931022644,0.627902865170403,Point estimate,Strict no-imputation,Complete,0.15567493414775896
GBD_UF,UF,Escherichia_coli,10236257,0.075982558859161,0.0712902186805196,7.758695390316e-4,4.449868736198e-4,0.100440131583253,0.0889381733967796,0.0098686712765626,0.0092088241739408,97,64,0.00947612003098398,0.00625228538126778,-0.00469234017864139,-3.308826654117999e-4,-0.0115019581864734,6.598471026217998e-4,0.00322383464971619,88,0.56583404541015625,0.779584474089292,Point estimate,Strict no-imputation,Complete,0.21375042867913574
GBD_UF,UF,Klebsiella_pneumoniae,5682322,0.102463218381499,0.0922851608902134,0.0019277330640536,0.0011688883523319,0.149713620593834,0.123444253951113,0.0046804594649695,0.0058752850519176,70,35,0.01231890765782017,0.00615945382891008,-0.0101780574912856,-7.588447117216999e-4,-0.026269366642721,-0.0011948255869481,0.00615945382891008,89,0.5823580026626587,0.554828161082353,Point estimate,Strict no-imputation,Complete,0.027529841580305692
GBD_UF,UF,Chryseobacterium_gleum,5643321,0.135099172986969,0.0336032630431619,0.0019357396114805,1.546961443447e-4,0.21174340428269,0.0419759925051224,0.0029482153397434,0.0014720234810827,40,3,0.00708802494134216,5.316018706006622e-4,-0.1014959099438071,-0.0017810434671358,-0.1697674117775676,0.0014761918586607,0.0065564230707415,90,0.23726044595241547,0.00353341702993415,Point estimate,Strict no-imputation,Complete,0.23372702892248132
GBD_UF,UF,Achromobacter_xylosoxidans,6901970,0.0072482204356146,0.0055607312115236,6.411213030482e-4,1.866133871922e-4,0.015618874031617,0.0098867424807698,0.0077647207281683,0.0075933943901743,36,5,0.00521590212649432,7.244308509019888e-4,-0.001687489224091,-4.545079158559999e-4,-0.0057321315508472,1.713263379940003e-4,0.00449147127559233,91,0.4772861897945404,0.482534816986523,Point estimate,Strict no-imputation,Complete,0.005248627191982602
GBD_UF,UF,Cupriavidus_metallidurans,6901105,0.0021516844041642,0.001895928260764,6.593147039495e-4,5.772988528648e-4,0.0766639545406134,0.0500005433912395,0.0042554414141308,0.0048774425688397,32,22,0.00463693857722784,0.00318789527184414,-2.557561434001999e-4,-8.201585108469996e-5,-0.02666341114937389,-6.220011547088998e-4,0.0014490433053837,92,0.41509681940078735,0.512651860764269,Point estimate,Strict no-imputation,Complete,0.0975550413634817
GBD_UF,UF,Shigella_boydii,4825405,0.0880508475454391,0.0805078537449188,0.0011808335258905,7.481237326193e-4,0.116644716868325,0.0998778340885376,0.0048809054233434,0.0024533496338904,28,7,0.00580262174884802,0.001450655437212,-0.0075429938005203,-4.327097932712e-4,-0.0167668827797874,0.002427555789453,0.00435196631163601,93,0.5402259826660156,0.668632569324507,Point estimate,Strict no-imputation,Complete,0.12840658665849136
GBD_UF,UF,Aeromonas_hydrophila,4744448,0.0692042572708142,0.046212119934711,3.876109507365e-4,9.40046133923272e-5,0.0906356229428586,0.0583241717476932,0.0151281537667378,0.0153761833505245,27,5,0.00569086224572384,0.00105386337883774,-0.0229921373361032,-2.936063373441728e-4,-0.0323114511951654,-2.480295837866998e-4,0.00463699886688609,94,0.44477173686027527,0.444026332647125,Point estimate,Strict no-imputation,Complete,7.454042131502803e-4
GBD_UF,UF,Staphylococcus_aureus,2821361,3.66844228725e-4,3.888194385617e-4,2.289675089433e-4,1.22281409575e-4,0.0025686184788121,0.0013847926585786,0.0169698841431561,0.0119159929994223,18,3,0.00637989963000126,0.00106331660500021,2.197520983670002e-5,-1.066860993683e-4,-0.0011838258202335,0.00505389114373379,0.00531658302500105,96,0.44315049052238464,0.608925855379077,Point estimate,Strict no-imputation,Complete,0.1657753648566923
GBD_UF,UF,Shigella_dysenteriae,5192674,0.0516196472183695,0.044485750501572,7.918848747291e-4,3.797658008185e-4,0.0678305628275527,0.0548994602780763,0.007155625939601,0.0016612622123702,14,0,0.00269610609100436,0,-0.0071338967167975,-4.121190739106e-4,-0.0129311025494764,0.0054943637272308,0.00269610609100436,97,0.5721622705459595,0.740142805405214,Point estimate,Strict no-imputation,Complete,0.16798053485925457
GBD_UF,UF,Nocardia_farcinica,6292344,9.889796234916e-4,5.934195587526e-4,8.7089962023691e-5,4.60877536256759e-5,0.0021275060613341,0.0011335998159032,0.0069383616647581,0.0122758620771868,4,4,6.356931534575986e-4,6.356931534575986e-4,-3.95560064739e-4,-4.10022083980151e-5,-9.939062454309e-4,-0.0053375004124287,0,98,0.3984202444553375,0.113943518511943,Point estimate,Strict no-imputation,Complete,0.2844767259433945
GBD_UF,UF,Bacteroides_fragilis,5241700,0.0377780109506457,0.0323105099490622,7.91727874544518e-5,8.92840109124897e-5,0.0466352519220862,0.0396913215178281,0.0050120482961815,0.0069357715865484,3,5,5.723334032851937e-4,9.538890054753228e-4,-0.0054675010015835,1.011122345803789e-5,-0.0069439304042581,-0.0019237232903669,-3.815556021901291e-4,99,0.5595436692237854,0.51283753243116,Point estimate,Strict no-imputation,Complete,0.04670613679262536
GBD_UF,UF,Mycobacterium_xenopi,5251936,6.281493148431e-4,3.514894317066e-4,1.818377070855e-4,4.24605326492913e-5,0.0022477425467484,6.848902956928e-4,0.0012954842981864,0,1,0,1.904059760058005e-4,0,-2.766598831365e-4,-1.393771744362087e-4,-0.0015628522510556,0.0012954842981864,1.904059760058005e-4,100,0.4169221520423889,0.383608934525472,Point estimate,Strict no-imputation,Complete,0.033313217516916904
GBD_UF,UF,Laribacter_hongkongensis,3110307,0.0679826782372286,0.0477046156536958,2.257011928404e-4,4.53331455705146e-5,0.082790862766922907,0.0562404289994524,0,0,0,0,0,0,-0.0202780625835328,-1.803680472698854e-4,-0.02655043376747051,0,0,102,0.4681619703769684,0.505225753710434,Point estimate,Strict no-imputation,Complete,0.037063783333465605
GBD_UF,UF,Pseudomonas_alcaligenes,4406305,0.0292369683896144,0.0161100967817706,6.78573090151498e-5,2.31486472225594e-5,0.0352265673846908,0.0185706618130156,0,0.0478431372081532,0,2,0,4.538950435795979e-4,-0.0131268716078438,-4.470866179259039e-5,-0.0166559055716752,-0.0478431372081532,-4.538950435795979e-4,107,-0.2124772667884827,0.426224942871011,Point estimate,Strict no-imputation,Complete,0.6387022096594936
GBD_UV_Cl,UV_Cl,Aeromonas_caviae,4586140,0.484677310330692,0.463915842080704,0.0162450339501192,0.0103636173339671,0.888592585485833,0.800804162105823,0.007372542540117,0.0078695168778146,655,468,0.1428216321350853,0.1020466012812518,-0.02076146824998798,-0.0058814166161521,-0.08778842338001003,-4.969743376976006e-4,0.04077503085383351,112,-0.1551506072282791,-0.295621534802281,Point estimate,Strict no-imputation,Complete,0.14047092757400187
GBD_UV_Cl,UV_Cl,Bordetella_hinzii,5033537,0.0037623643175762,0.0030795442647982,0.0017228441948474,0.0015939090146749,0.0179029179680212,0.0172838701692269,0.0208717212699546,0.0197049664259402,266,242,0.05284554379951911,0.04807752481008881,-6.828200527780001e-4,-1.289351801724999e-4,-6.190477987942991e-4,0.00116675484401439,0.00476801898943029,113,-0.23344604671001432,-0.256432579430054,Point estimate,Strict no-imputation,Complete,0.02298653272003967
GBD_UV_Cl,UV_Cl,Aliarcobacter_cryaerophilus,2108340,0.227420624756917,0.368705237295692,0.0093049508143847,0.069243101207585,0.425606401244581,1.04538831497766,0.0083576306762989,0.0084105458298483,213,1495,0.1010273485301232,0.7090886669133062,0.141284612538775,0.05993815039320031,0.6197819137330789,-5.291515354939949e-5,-0.608061318383183,114,0.3386859893798828,0.169554209855244,Point estimate,Strict no-imputation,Complete,0.16913177952463881
GBD_UV_Cl,UV_Cl,Acinetobacter_lwoffii,3528101,0.0479872883457701,0.0319432465227043,0.0057535200948044,0.0055959282344807,0.147657904351377,0.117129866747012,0.005815917372122,0.0065745217127017,202,204,0.05725459673631792,0.05782147393172701,-0.0160440418230658,-1.575918603237006e-4,-0.030528037604365,-7.586043405796994e-4,-5.66877195409092e-4,115,-0.2459227591753006,-0.347030627013962,Point estimate,Strict no-imputation,Complete,0.10110786783866138
GBD_UV_Cl,UV_Cl,Achromobacter_xylosoxidans,6901970,0.0179979049459791,0.0153380846338073,0.0047682038606368,0.0037319779715066,0.0611784751310132,0.0515510788948661,0.0045170385301095,0.0035545794834621,173,94,0.02506530744120881,0.01361929999695739,-0.00265982031217179,-0.0010362258891302,-0.0096273962361471,9.624590466473996e-4,0.01144600744425142,116,-0.1562749147415161,-0.306882626090294,Point estimate,Strict no-imputation,Complete,0.15060771134877787
GBD_UV_Cl,UV_Cl,Escherichia_coli,10236257,0.0592563277768426,0.0589434204319019,5.835140715986e-4,6.111608960188e-4,0.0772650588979936,0.0777204011192762,0.008608332904523,0.0118266178480804,76,96,0.00742458889025549,0.00937842807190167,-3.129073449407022e-4,2.764682442019995e-5,4.553422212826008e-4,-0.0032182849435574,-0.00195383918164618,118,-0.00888795405626297,-0.177763375259449,Point estimate,Strict no-imputation,Complete,0.16887542120318602
GBD_UV_Cl,UV_Cl,Cupriavidus_metallidurans,6901105,0.0028149115250383,0.0030125610318926,0.0012299479576096,0.0010699735766953,0.0972076210983603,0.0986831818962325,0.0066388972124661,0.009379050100095,74,111,0.0107229204598394,0.01608438068975911,1.976495068543001e-4,-1.599743809143001e-4,0.0014755607978722,-0.0027401528876289,-0.0053614602299197,119,0.01469538267701864,-0.247249538255513,Point estimate,Strict no-imputation,Complete,0.26194492093253163
GBD_UV_Cl,UV_Cl,Klebsiella_pneumoniae,5682322,0.0772062899638562,0.090721891508436,0.0017418935428157,0.0016315513270806,0.117539273557535,0.130200998817032,0.0046862843247898,0.0043823918199705,56,34,0.00985512612625613,0.00598346943379836,0.0135156015445798,-1.103422157351e-4,0.01266172525949701,3.038925048193001e-4,0.00387165669245776,121,0.26856672763824463,-0.18725911871416,Point estimate,Strict no-imputation,Complete,0.45582584635240464
GBD_UV_Cl,UV_Cl,Nocardia_brasiliensis,8935513,3.486089718631e-4,5.034965535834e-4,5.29348454867672e-5,6.88264904320546e-5,8.604989998895e-4,0.0011644546877163,0.0301544152783036,0.0039530262714478,25,1,0.00279782481431116,1.119129925724466e-4,1.548875817203e-4,1.58916449452874e-5,3.039556878268e-4,0.0262013890068558,0.00268591182173871,122,-0.06210244446992874,-0.594918111940188,Point estimate,Strict no-imputation,Complete,0.5328156674702592
GBD_UV_Cl,UV_Cl,Aeromonas_hydrophila,4744448,0.124947728376409,0.073867813494847,5.526459558625e-4,2.46604030648e-4,0.165155356323854,0.0927770733286569,0.0082271510776357,0.0063388568723303,24,7,0.00505854421842119,0.00147540873037284,-0.05107991488156199,-3.060419252145e-4,-0.07237828299519711,0.0018882942053054,0.00358313548804834,123,-0.24279028177261353,-0.329458945750232,Point estimate,Strict no-imputation,Complete,0.08666866397761847
GBD_UV_Cl,UV_Cl,Nocardia_farcinica,6292344,0.001127401807657,0.0012661418383991,2.021504227995e-4,2.274192256494e-4,0.0036776438160405,0.0037858705754166,0.0126464251639707,0.0081130971365421,22,15,0.00349631234401679,0.00238384932546599,1.387400307421001e-4,2.526880284989998e-5,1.082267593761001e-4,0.00453332802742859,0.00111246301855079,124,-0.02650650218129158,-0.570844388224825,Point estimate,Strict no-imputation,Complete,0.5443378860435334
GBD_UV_Cl,UV_Cl,Shigella_boydii,4825405,0.0625810683248348,0.0728299489887377,8.799261409145e-4,8.681136609258e-4,0.0823342289403687,0.0954205916394582,0.0039479521103641,0.0040130119501306,21,18,0.00435196631163601,0.00373025683854515,0.01024888066390289,-1.181247998869998e-5,0.0130863626990895,-6.505983976650039e-5,6.217094730908593e-4,125,0.2872277498245239,-0.084141314866973,Point estimate,Strict no-imputation,Complete,0.37136906469149694
GBD_UV_Cl,UV_Cl,Shigella_sonnei,4994001,0.0385244216010368,0.0456295463296863,6.12735159644539e-5,4.10492508912192e-5,0.0445218172763681,0.0518371942656798,0.0204284680045507,0,12,0,0.0024028829789982,0,0.00710512472864949,-2.02242650732347e-5,0.0073153769893117,0.0204284680045507,0.0024028829789982,126,0.03044771216809749,-0.400020431569873,Point estimate,Strict no-imputation,Complete,0.4304681437379705
GBD_UV_Cl,UV_Cl,Pseudomonas_alcaligenes,4406305,0.0424305625688643,0.1548006776653,1.211899766357e-4,2.904928278909e-4,0.050879364910055,0.20031205284246,0.0125379923465993,0.0147309459978715,10,26,0.00226947521789799,0.00590063556653477,0.1123701150964357,1.693028512552e-4,0.149432687932405,-0.0021929536512722,-0.00363116034863678,127,0.3751727342605591,0.0812524849677061,Point estimate,Strict no-imputation,Complete,0.293920249292853
GBD_UV_Cl,UV_Cl,Staphylococcus_aureus,2821361,4.20010058975e-4,4.150479148184e-4,1.474465692266e-4,1.293701869416e-4,0.001850879770437,0.0014188187899386,0.009397806169895,0.0248715438254891,6,6,0.00212663321000042,0.00212663321000042,-4.962144156600025e-6,-1.8076382285e-5,-4.320609804983999e-4,-0.0154737376555941,0,128,0.04377174749970436,-0.015122176074761,Point estimate,Strict no-imputation,Complete,0.058893923574465365
GBD_UV_Cl,UV_Cl,Laribacter_hongkongensis,3110307,0.0896281299563033,0.081031550904782,1.675075804413e-4,2.089825859633e-4,0.111817579422224,0.100762722136432,0.0079505221628641,0.002215384703416,5,3,0.00160755835356445,9.645350121386732e-4,-0.0085965790515213,4.147500552199998e-5,-0.011054857285792,0.0057351374594481,6.430233414257822e-4,129,-0.1783633977174759,-0.222548060599801,Point estimate,Strict no-imputation,Complete,0.044184662882325115
GBD_UV_Cl,UV_Cl,Mycobacterium_kansasii,6577228,0.0051509541709667,0.0043501608884471,2.054056815424e-4,1.474785426321e-4,0.0104408726594242,0.0078492033421981,0.0018449087305301,0.0071273414744533,5,4,7.601986733620911e-4,6.081589386896729e-4,-8.007932825195999e-4,-5.79271389103e-5,-0.00259166931722609,-0.0052824327439232,1.520397346724183e-4,130,0.01328999362885952,-0.219664007629004,Point estimate,Strict no-imputation,Complete,0.23295400125786353
GBD_UV_Cl,UV_Cl,Shigella_dysenteriae,5192674,0.0353295816375146,0.0404928173807945,6.430213027044e-4,6.141344517294e-4,0.046099369997038,0.0520600754062357,0.0022149647592463,0.0060334881296274,4,27,7.703160260012471e-4,0.00519963317550841,0.00516323574327989,-2.888685097499999e-5,0.0059607054091977,-0.0038185233703811,-0.00442931714950717,131,0.3041355609893799,0.106053905698287,Point estimate,Strict no-imputation,Complete,0.1980816552910929
GBD_UV_Cl,UV_Cl,Mycobacterium_xenopi,5251936,8.922424035631e-4,0.0012762912571668,1.148148035314e-4,1.098642481553e-4,0.0022490753885804,0.0028376202604143,0.003410292007832,0.0036893511768849,2,3,3.808119520116011e-4,5.712179280174016e-4,3.840488536036999e-4,-4.950555376100006e-6,5.885448718338997e-4,-2.790591690529001e-4,-1.904059760058005e-4,133,0.00835051108151674,-0.305412692790709,Point estimate,Strict no-imputation,Complete,0.3137632038722257
GBD_UV_Cl,UV_Cl,Bacteroides_fragilis,5241700,0.018011332201385,0.02991987332354,5.24638953011427e-5,2.291241391151e-4,0.0227899345632141,0.0391655378980101,0,0.0012674622988323,0,2,0,3.815556021901291e-4,0.011908541122155,1.766602438139573e-4,0.016375603334796,-0.0012674622988323,-3.815556021901291e-4,134,0.3101496696472168,-0.0529174389877858,Point estimate,Strict no-imputation,Complete,0.3630671086350026
HBZZ_Song_O3,O3,Cupriavidus_metallidurans,6901105,0.0037902625738921,0.0017840621175884,0.0015087438895655,8.743527304685e-4,0.400232426546183,0.0563840138644463,0.0067031844660404,0.005910546224679,139,60,0.02014170194483347,0.00869425983230221,-0.0020062004563037,-6.343911590969999e-4,-0.3438484126817367,7.926382413613996e-4,0.01144744211253126,142,0.04718147218227386,-0.177144165569531,Point estimate,Strict no-imputation,Complete,0.22432563775180486
HBZZ_Song_O3,O3,Aliarcobacter_cryaerophilus,2108340,0.150709562973713,0.0687972528150108,0.0043157175787585,7.612624149804e-4,0.249306089150706,0.0959902103076354,0.0041941026695902,0.0055693844025751,31,16,0.01470351081893812,0.00758890880977451,-0.08191231015870219,-0.00355445516377809,-0.1533158788430706,-0.0013752817329849,0.0071146020091636,144,-0.02749288454651832,0.302421904667036,Point estimate,Strict no-imputation,Complete,0.3299147892135543
HBZZ_Song_O3,O3,Klebsiella_pneumoniae,5682322,0.0133899486864699,0.0078249701442473,0.0015843875091907,8.82209772695e-4,0.0483050766922395,0.0168455782688837,0.0028037449511953,0.0018859495309068,28,3,0.00492756306312806,5.2795318533515e-4,-0.0055649785422226,-7.021777364957e-4,-0.0314594984233558,9.177954202885e-4,0.00439960987779291,145,0.07611285895109177,0.0256076627031804,Point estimate,Strict no-imputation,Complete,0.05050519624791137
HBZZ_Song_O3,O3,Acinetobacter_lwoffii,3528101,0.0036489885068482,0.0052308593206373,0.002190130044463,0.0015152627433284,0.0541945936354996,0.0249947492999774,0.0016430059904204,0.0012889149324571,17,6,0.00481845616097725,0.00170063158622726,0.0015818708137891,-6.748673011345999e-4,-0.0291998443355222,3.540910579633001e-4,0.00311782457474998,146,0.30791550874710083,0.179047214700831,Point estimate,Strict no-imputation,Complete,0.12886829404626984
HBZZ_Song_O3,O3,Achromobacter_xylosoxidans,6901970,0.0047363289031971,0.0029703113748682,0.0011198252093242,6.656070658087e-4,0.0245768961615306,0.0140233875255904,0.0013567320216841,9.036845599353e-4,16,6,0.00231817872288636,8.693170210823867e-4,-0.0017660175283289,-4.542181435155e-4,-0.0105535086359402,4.530474617488e-4,0.00144886170180397,147,0.05556806921958923,-0.182096634665403,Point estimate,Strict no-imputation,Complete,0.23766470388499222
HBZZ_Song_O3,O3,Aeromonas_hydrophila,4744448,0.407666603153833,0.393448932309933,0.0081096894728322,0.0063457329493336,0.681408880442993,0.633462101386715,5.186416990283e-4,7.499710765248e-4,13,24,0.00274004478497814,0.00505854421842119,-0.01421767084390002,-0.0017639565234986,-0.04794677905627798,-2.313293774965e-4,-0.00231849943344304,148,-0.02316351793706417,0.231424814561308,Point estimate,Strict no-imputation,Complete,0.2545883324983722
HBZZ_Song_O3,O3,Chryseobacterium_gleum,5643321,0.119200378642292,0.0234330104560771,0.0010669249542955,4.83757702246602e-5,0.165467284246279,0.0300767934342207,5.721471531805e-4,0.0011721611459613,4,0,7.088024941342163e-4,0,-0.0957673681862149,-0.00101854918407084,-0.1353904908120583,-6.000139927808e-4,7.088024941342163e-4,152,-0.24254046380519867,0.191449237738158,Point estimate,Strict no-imputation,Complete,0.4339897015433567
HBZZ_Song_O3,O3,Escherichia_coli,10236257,0.0234416740415954,0.0090090547746114,5.68567201858934e-5,2.85260520520342e-5,0.0287666673472539,0.0106618073383659,0.0062765134978539,8.386916493716e-4,4,0,3.907678363292364e-4,0,-0.014432619266984,-2.83306681338592e-5,-0.018104860008888,0.0054378218484823,3.907678363292364e-4,153,-0.07506420463323593,0.152693599957915,Point estimate,Strict no-imputation,Complete,0.22775780459115094
HBZZ_Song_O3,O3,Aeromonas_caviae,4586140,0.0233529722162864,0.016012594469423,3.399372893108e-4,8.3076399761019e-5,0.0316675897377751,0.0208901167430562,6.326643452574e-4,0,1,0,2.180482933360081e-4,0,-0.0073403777468634,-2.56860889549781e-4,-0.0107774729947189,6.326643452574e-4,2.180482933360081e-4,154,0.06440362334251404,0.0976778715345826,Point estimate,Strict no-imputation,Complete,0.03327424819206856
HBZZ_Song_O3,O3,Mycobacterium_kansasii,6577228,1.50823416795e-4,1.588815227326e-4,6.00556951956052e-5,4.83486356258289e-5,4.68738501995e-4,9.548095337427e-4,0.0058869657637198,0.0018428783371763,0,1,0,1.520397346724182e-4,8.058105937599997e-6,-1.17070595697763e-5,4.860710317477e-4,0.0040440874265435,-1.520397346724182e-4,161,0.10821951925754549,0.273980357228435,Point estimate,Strict no-imputation,Complete,0.16576083797088953
HBZZ_Song_O3,O3,Nocardia_brasiliensis,8935513,1.301548103617e-4,1.273569855474e-4,3.62598095934727e-5,3.74908525117696e-5,3.618147049867e-4,6.336513639451e-4,0,3.714758958389e-4,0,0,0,0,-2.797824814299997e-6,1.231042918296903e-6,2.718366589584e-4,-3.714758958389e-4,0,163,0.0852411687374115,0.120197569996167,Point estimate,Strict no-imputation,Complete,0.0349564012587555
HBZZ_West_Cl,Cl,Pseudomonas_alcaligenes,4406305,0.394345602494607,0.496418200737352,0.0097512541687422,0.0159174183357711,0.678625061133988,0.907190718754148,0.0058970783933832,0.0087263771303892,364,792,0.0826088979314868,0.1797424372575208,0.102072598242745,0.0061661641670289,0.22856565762016,-0.002829298737006,-0.09713353932603395,171,0.15011858940124512,0.451722081148986,Point estimate,Strict no-imputation,Complete,0.30160349174774087
HBZZ_West_Cl,Cl,Pseudomonas_putida,6156701,0.0089065556375078,0.0076539367430706,0.0045358707528593,4.09310115920847e-5,0.221105588853511,0.0104084963684284,0.0032766885409286,0.0017636683252122,189,1,0.03069825869406359,1.624246491749396e-4,-0.0012526188944372,-0.00449493974126721,-0.2106970924850826,0.0015130202157164,0.03053583404488865,172,0.16114144027233124,0.340971076263739,Point estimate,Strict no-imputation,Complete,0.17982963599140778
HBZZ_West_Cl,Cl,Cupriavidus_metallidurans,6901105,0.0018084060451188,0.0035574013147169,0.0012022712304768,0.0016403170216943,9.53634917886338,1.55158557941083,0.0038652235921123,0.0143761398224653,86,351,0.01246177242629985,0.05086142001896798,0.0017489952695981,4.380457912175001e-4,-7.984763599452551,-0.010510916230353,-0.03839964759266813,174,0.2716379165649414,0.458016052268938,Point estimate,Strict no-imputation,Complete,0.18637813570399658
HBZZ_West_Cl,Cl,Achromobacter_xylosoxidans,6901970,0.0031118651631345,0.0156575586390551,0.0021057755974018,0.0057461855093545,0.558354498788027,0.0929001430026498,0.0018669497290914,0.0133010865888448,50,1071,0.00724430850901988,0.155173088263206,0.0125456934759206,0.0036404099119527,-0.4654543557853772,-0.0114341368597534,-0.1479287797541861,175,0.13756565749645233,0.498099959668534,Point estimate,Strict no-imputation,Complete,0.36053430217208166
HBZZ_West_Cl,Cl,Klebsiella_pneumoniae,5682322,0.0017394297612842,0.007364594966635,7.532132110781e-4,0.0057629609867233,0.166317396303834,0.187115056133742,0.005808751069218,0.0059204910931216,47,438,0.00827126657025068,0.0770811650589319,0.0056251652053508,0.0050097477756452,0.020797659829908,-1.117400239035995e-4,-0.06880989848868121,176,0.31327128410339355,0.335922359784793,Point estimate,Strict no-imputation,Complete,0.022651075681399457
HBZZ_West_Cl,Cl,Pseudomonas_mendocina,5372474,0.0037640014637576,4.437434224902e-4,0.0011344866443281,4.03910749498275e-5,0.047231685067252,8.858116391069e-4,0.0030739207948398,0.0350568964734056,35,15,0.0065146895080367,0.00279200978915858,-0.0033202580412674,-0.00109409556937827,-0.0463458734281451,-0.0319829756785658,0.00372267971887811,177,-0.03530484810471535,0.0860897808880062,Point estimate,Strict no-imputation,Complete,0.12139462899272155
HBZZ_West_Cl,Cl,Acinetobacter_lwoffii,3528101,9.917516533681e-4,0.0473458667991647,2.94776141612717e-5,0.0084351326676871,0.0018633253413096,0.34504227628404,0.0149786323308944,0.0040988397243762,0,240,0,0.0680252634490906,0.0463541151457966,0.00840565505352582,0.3431789509427304,0.0108797926065182,-0.0680252634490906,181,0.30081507563591003,-0.498096342939259,Point estimate,Strict no-imputation,Complete,0.798911418575169
HBZZ_West_Cl,Cl,Ralstonia_solanacearum,5530249,1.446589475446e-4,0.0013180238358164,2.62194342424726e-5,2.74490352966e-4,3.833462109933e-4,0.0039311068995265,0,0.0278511068566514,0,66,0,0.01193436317243582,0.0011733648882718,2.482709187235274e-4,0.0035477606885332,-0.0278511068566514,-0.01193436317243582,190,0.1682681292295456,0.36960703526513,Point estimate,Strict no-imputation,Complete,0.2013389060355844
JXQ_Cl,Cl,Aliarcobacter_cryaerophilus,2108340,0.412411186051585,0.353040306591915,0.110359809138943,0.0531389624064429,1.4078455087889,0.919498278266314,0.0092189552039525,0.008338002728273,2863,1148,1.357940370149027,0.5445042071013214,-0.05937087945967001,-0.0572208467325001,-0.4883472305225859,8.809524756795001e-4,0.8134361630477059,192,-0.05089379847049713,-0.1252200186754,Point estimate,Strict no-imputation,Complete,0.07432622020490287
JXQ_Cl,Cl,Escherichia_coli,10236257,0.057399399018606,0.0424575115689259,2.908289621879e-4,1.700817007622e-4,0.0710941509186414,0.0517487007213671,0.0138640889073924,0.011217411481259,48,28,0.00468921403595083,0.00273537485430465,-0.0149418874496801,-1.207472614257e-4,-0.01934545019727429,0.00264667742613339,0.00195383918164618,193,-0.07467145472764969,0.0673672921948384,Point estimate,Strict no-imputation,Complete,0.14203874692248808
JXQ_Cl,Cl,Klebsiella_pneumoniae,5682322,0.0531682294667566,0.0311788033131525,0.0011481221937087,6.314320096607e-4,0.0738097911382001,0.0425053349669378,0.0038965532452244,0.0049909630181915,39,7,0.00686339140935694,0.00123189076578201,-0.0219894261536041,-5.16690184048e-4,-0.0313044561712623,-0.0010944097729671,0.00563150064357493,194,-0.06704960763454437,1.66057243015734e-4,Point estimate,Strict no-imputation,Complete,0.0672156648775601
JXQ_Cl,Cl,Acinetobacter_lwoffii,3528101,0.0170828442836528,0.0193285282932659,0.002732064643274,0.0023511231679591,0.0476290219582715,0.0468138525512733,0.0030981229850272,0.0043593341072613,37,53,0.01048722811506814,0.01502224567834084,0.0022456840096131,-3.809414753148999e-4,-8.151694069981966e-4,-0.0012612111222341,-0.0045350175632727,195,0.3266584575176239,0.329818647639967,Point estimate,Strict no-imputation,Complete,0.0031601901223430873
JXQ_Cl,Cl,Aeromonas_caviae,4586140,0.201196867082121,0.219499622776452,0.0010405264557994,7.616426886226e-4,0.273933198724853,0.299070896222095,0.0053489269674673,0.0044979885318645,33,15,0.00719559368008826,0.00327072440004012,0.01830275569433099,-2.788837671767999e-4,0.02513769749724198,8.509384356028002e-4,0.00392486928004814,197,0.28531596064567566,0.241404013962203,Point estimate,Strict no-imputation,Complete,0.04391194668347265
JXQ_Cl,Cl,Cupriavidus_metallidurans,6901105,0.0021503802651893,0.0017301577066281,5.916443815881e-4,5.126715214447e-4,0.044487078518585,0.0276260106171402,0.0052679878530215,0.0030752117937738,26,10,0.00376751259399762,0.0014490433053837,-4.202225585612002e-4,-7.897286014339993e-5,-0.0168610679014448,0.0021927760592477,0.00231846928861392,198,0.13016577064990997,0.174115265007814,Point estimate,Strict no-imputation,Complete,0.04394949435790402
JXQ_Cl,Cl,Shigella_boydii,4825405,0.0691071526638696,0.0527029337433852,4.341604487084e-4,2.598745597519e-4,0.0872534015279546,0.0653165900064346,0.0072024730623193,0.0049460953787753,24,9,0.00497367578472687,0.00186512841927257,-0.0164042189204844,-1.742858889565e-4,-0.02193681152152001,0.002256377683544,0.00310854736545429,199,-0.02592293918132782,-0.142494063441341,Point estimate,Strict no-imputation,Complete,0.11657112426001318
JXQ_Cl,Cl,Bacteroides_fragilis,5241700,0.083160997386344,0.0494173645954556,9.019974435773e-4,3.89186714233928e-5,0.110173607798996,0.0603632409332849,0.0028229415694065,0,17,0,0.00324322261861609,0,-0.0337436327908884,-8.630787721539072e-4,-0.0498103668657111,0.0028229415694065,0.00324322261861609,200,-0.02592293918132782,-0.0517881507938518,Point estimate,Strict no-imputation,Complete,0.025865211612523982
JXQ_Cl,Cl,Achromobacter_xylosoxidans,6901970,0.0048013827936081,0.0031615611195064,1.048975872105e-4,2.83976893553579e-5,0.0077976287929387,0.0049028031127344,0.0040883978427443,0.0176303858051494,6,4,8.693170210823867e-4,5.79544680721591e-4,-0.0016398216741017,-7.64998978551421e-5,-0.0028948256802043,-0.0135419879624051,2.897723403607956e-4,202,-0.15568408370018005,0.108492842608694,Point estimate,Strict no-imputation,Complete,0.26417692630887407
JXQ_Cl,Cl,Staphylococcus_aureus,2821361,3.8704724422e-4,3.161594705533e-4,1.13774876735e-4,2.58740373883384e-5,0.0013305635117235,8.212348579284e-4,0.011423617879921,0.0087671230917107,3,0,0.00106331660500021,0,-7.088777366670004e-5,-8.79008393466616e-5,-5.093286537951001e-4,0.0026564947882103,0.00106331660500021,204,0.20046605169773105,0.199020051187768,Point estimate,Strict no-imputation,Complete,0.0014460005099630469
JXQ_Cl,Cl,Bordetella_hinzii,5033537,0.0013741828062453,9.879732681015e-4,5.20508739679473e-5,2.18534203682221e-6,0.0022383862480796,0.001528746088486,0.0153944021417894,0.0872727253220297,2,0,3.973349157858579e-4,0,-3.862095381437999e-4,-4.986553193112509e-5,-7.096401595935999e-4,-0.0718783231802403,3.973349157858579e-4,205,-0.11331242322921752,0.198799899826377,Point estimate,Strict no-imputation,Complete,0.3121123230555945
JXQ_Cl,Cl,Laribacter_hongkongensis,3110307,0.0640026852654737,0.045894826459253,3.9867447168398e-5,1.25389551578025e-5,0.0757159984528858,0.0557546248650052,0.0080645161290322,0,2,0,6.43023341425782e-4,0,-0.0181078588062207,-2.73284920105955e-5,-0.0199613735878806,0.0080645161290322,6.43023341425782e-4,206,0.0132574439048767,0.106103162485845,Point estimate,Strict no-imputation,Complete,0.09284571858096831
JXQ_Cl,Cl,Shigella_dysenteriae,5192674,0.0371506087229815,0.0286921535994749,3.219920988685e-4,1.771726859802e-4,0.0462430339358872,0.0355658760784905,0.0046020065697186,0.0053913045188654,2,9,3.851580130006236e-4,0.0017332110585028,-0.0084584551235066,-1.448194128883e-4,-0.01067715785739669,-7.892979491467998e-4,-0.00134805304550218,207,-0.0100080482661724,-0.0824961337660555,Point estimate,Strict no-imputation,Complete,0.0724880854998831
JXQ_O3,O3,Aliarcobacter_cryaerophilus,2108340,0.275668535435461,0.264689281614919,0.0173733837995768,0.0173477712323439,0.556380849388618,0.545954162990788,0.0086099579960815,0.0072439690949731,376,322,0.1783393570297011,0.1527267897967121,-0.01097925382054199,-2.561256723290078e-5,-0.01042668639782995,0.0013659889011084,0.02561256723298899,220,0.07691185176372528,0.430593407949759,Point estimate,Strict no-imputation,Complete,0.3536815561860337
JXQ_O3,O3,Acinetobacter_lwoffii,3528101,0.0207423200186162,0.0183534995171623,0.00242254969458069,0.0022989704659815,0.0476905281339734,0.047373360343142,0.0030963091846374,0.0038090806870994,26,33,0.00736940354031814,0.00935347372424995,-0.00238882050145389,-1.235792285991999e-4,-3.171677908314005e-4,-7.127715024619996e-4,-0.0019840701839318,221,0.06511542946100235,0.298112900570108,Point estimate,Strict no-imputation,Complete,0.23299747110910562
JXQ_O3,O3,Achromobacter_xylosoxidans,6901970,0.0072240244451945,0.0078731144876027,0.001093166154011,0.0018047021357669,0.0180052941406583,0.0238549283755217,0.0033264733925016,0.0049887733078186,24,68,0.00347726808432954,0.00985225957226704,6.490900424082e-4,7.115359817559e-4,0.0058496342348634,-0.001662299915317,-0.0063749914879375,222,0.3637605011463166,0.43764756342923,Point estimate,Strict no-imputation,Complete,0.07388706228291342
JXQ_O3,O3,Cupriavidus_metallidurans,6901105,0.0021115459046051,0.0022018213025305,5.415074832218e-4,6.032367280312e-4,0.0549297540031632,0.0645508219335889,0.0029230528347371,0.0041124533782233,13,17,0.00188375629699881,0.00246337361915229,9.02753979254e-5,6.172924480940002e-5,0.00962106793042569,-0.0011894005434862,-5.796173221534816e-4,224,0.1859050840139389,0.392823379360403,Point estimate,Strict no-imputation,Complete,0.2069182953464641
JXQ_O3,O3,Bordetella_hinzii,5033537,0.0016771506795321,0.0020087266667554,9.65523845359634e-5,3.083318946498e-4,0.0031071590414454,0.0051661485750477,0.0168031864941365,0.0199583696067026,11,36,0.00218534203682221,0.00715202848414544,3.315759872233003e-4,2.117795101138366e-4,0.0020589895336023,-0.0031551831125661,-0.00496668644732322,225,0.21033665537834167,0.327060481434102,Point estimate,Strict no-imputation,Complete,0.11672382605576032
JXQ_O3,O3,Escherichia_coli,10236257,0.0348826724456018,0.0397318082185704,1.231895604027e-4,1.497617732731e-4,0.0414334067618661,0.0471903939105866,0.0064694107193308,0.0090726817735098,11,11,0.0010746115499054,0.0010746115499054,0.00484913577296859,2.657221287040001e-5,0.0057569871487205,-0.002603271054179,0,226,0.3263838291168213,0.230128591586561,Point estimate,Strict no-imputation,Complete,0.0962552375302603
JXQ_O3,O3,Aeromonas_caviae,4586140,0.1668804266769,0.155862664462925,4.489614359788e-4,3.035232243237e-4,0.212869646369277,0.200039466741093,0.0033783434721496,0.0030172413707464,7,3,0.00152633805335205,6.541448800080241e-4,-0.01101776221397502,-1.454382116551e-4,-0.012830179628184,3.611021014031999e-4,8.721931733440323e-4,227,0.0511895902454853,0.348112815172126,Point estimate,Strict no-imputation,Complete,0.2969232249266407
JXQ_O3,O3,Klebsiella_pneumoniae,5682322,0.0277617143132683,0.0387793933536324,6.205209771639e-4,0.0011380910831873,0.0377319342339275,0.0577022914224149,0.0029401814842926,0.0039481364982057,4,22,7.039375804468666e-4,0.00387165669245776,0.0110176790403641,5.175701060234001e-4,0.0199703571884874,-0.0010079550139131,-0.00316771911201089,228,0.1539408564567566,0.383120332188626,Point estimate,Strict no-imputation,Complete,0.22917947573186942
JXQ_O3,O3,Legionella_longbeachae,4149158,0.0010076743281407,3.988761093214e-4,6.84476223850718e-5,2.74754540559795e-5,0.0014692137537302,6.637491269312e-4,0.0022995113067223,0.0126315794493022,1,3,2.410127548770136e-4,7.230382646310408e-4,-6.087982188192999e-4,-4.09721683290923e-5,-8.054646267990001e-4,-0.0103320681425799,-4.820255097540272e-4,231,0.03991972655057907,0.348792359094261,Point estimate,Strict no-imputation,Complete,0.3088726325436819
JXQ_O3,O3,Shigella_dysenteriae,5192674,0.0234179923484509,0.0255365539989608,7.06764953856144e-5,1.403900957386e-4,0.0280604944581538,0.0306123588732895,0,0.0025179088524502,0,0,0,0,0.0021185616505099,6.971360035298559e-5,0.00255186441513569,-0.0025179088524502,0,247,0.35624125599861145,0.511154928515913,Point estimate,Strict no-imputation,Complete,0.1549136725173016
SZBH_UV_Cl,UV_Cl,Pseudomonas_alcaligenes,4406305,0.206749419298028,0.413434385499868,0.0294419020017906,0.0286405503023508,1.21306763830465,0.956109030128418,0.0095367419244623,0.0177620676053802,2480,4053,0.5628298540387013,0.9198183058140552,0.20668496620184,-8.013516994398e-4,-0.256958608176232,-0.0082253256809179,-0.3569884517753538,249,0.3802372217178345,0.19172059912582,Point estimate,Strict no-imputation,Complete,0.18851662259201446
SZBH_UV_Cl,UV_Cl,Klebsiella_pneumoniae,5682322,0.0099021139597509,0.261070210382305,0.0028231416663821,0.0080502301699903,0.126204921157231,0.473877932295987,0.009800727727288,0.0088053061560072,381,646,0.06705005453756405,0.113685919242169,0.2511680964225541,0.0052270885036082,0.347673011138756,9.954215712807983e-4,-0.04663586470460492,250,0.2406005710363388,0.929622174503541,Point estimate,Strict no-imputation,Complete,0.6890216034672022
SZBH_UV_Cl,UV_Cl,Pseudomonas_mendocina,5372474,0.0087036251827369,0.0075702553423245,0.0030261663434759,0.0013625007771093,0.0633845785014501,0.0220278404325455,0.0082380957126998,0.0142937601671192,277,163,0.05155911410646194,0.03033983970885666,-0.0011333698404124,-0.0016636655663666,-0.0413567380689046,-0.0060556644544194,0.02121927439760528,251,0.00539026828482747,0.101572485767356,Point estimate,Strict no-imputation,Complete,0.09618221748252853
SZBH_UV_Cl,UV_Cl,Pseudomonas_aeruginosa,6264404,0.0138354742127104,0.0084233073090432,0.0022105853964718,3.143156156595e-4,0.0404775937184127,0.0130807336180744,0.0102914472248841,0.0133490662032301,230,41,0.03671538425682635,0.00654491632404295,-0.0054121669036672,-0.0018962697808123,-0.0273968601003383,-0.003057618978346,0.03017046793278339,252,-0.02082517556846141,0.189672015234538,Point estimate,Strict no-imputation,Complete,0.21049719080299942
SZBH_UV_Cl,UV_Cl,Shigella_boydii,4825405,0.0092591191827421,0.0580359576035586,0.0023774170250994,0.0029649324771703,0.0792598755959343,0.120467815654851,0.0057746487873576,0.0061966833382054,137,169,0.02839139927114926,0.03502296698411844,0.0487768384208165,5.875154520708996e-4,0.0412079400589167,-4.220345508477996e-4,-0.00663156771296917,253,0.3653846383094787,0.718069143812771,Point estimate,Strict no-imputation,Complete,0.3526845055032923
SZBH_UV_Cl,UV_Cl,Aeromonas_hydrophila,4744448,0.304586539888307,0.578209309070307,0.0046576545891113,0.0346807468434684,0.470810724450979,1.20257467254357,0.0042975133701151,0.0070332602296671,131,1369,0.02761122052554902,0.2885477931257757,0.273622769182,0.0300230922543571,0.731763948092591,-0.002735746859552,-0.2609365726002266,254,0.15599922835826874,0.985148791209913,Point estimate,Strict no-imputation,Complete,0.8291495628516443
SZBH_UV_Cl,UV_Cl,Cupriavidus_metallidurans,6901105,0.008219698149789,0.0025729212930392,0.0022215282914837,0.0015835145241233,0.184356708092399,0.123140424613159,0.0039855542267521,0.0100278244687907,118,235,0.01709871100352769,0.03405251767651702,-0.0056467768567498,-6.380137673604e-4,-0.06121628347924002,-0.0060422702420386,-0.01695380667298933,255,-0.16555142402648926,0.169044384003021,Point estimate,Strict no-imputation,Complete,0.3345958080295103
SZBH_UV_Cl,UV_Cl,Shigella_sonnei,4994001,0.0044859822815413,0.0327068416686339,3.211853581927e-4,3.18181754469e-4,0.0138964729882913,0.0423990704046714,0.0248860337416132,0.0234455158681971,106,77,0.02122546631448412,0.01541849911523846,0.0282208593870926,-3.003603723700005e-6,0.0285025974163801,0.00144051787341609,0.00580696719924565,256,0.3054557144641876,-0.270522840517999,Point estimate,Strict no-imputation,Complete,0.5759785549821866
SZBH_UV_Cl,UV_Cl,Acinetobacter_lwoffii,3528101,0.0136121386547606,0.0475618470106155,0.0017799943935844,0.0103837730269058,0.0371089149658697,0.267003127178048,0.0075076011051034,0.0092817102738513,72,594,0.02040757903472718,0.1683625270364992,0.0339497083558549,0.0086037786333214,0.2298942122121783,-0.0017741091687479,-0.1479549480017721,257,0.23689034581184387,0.762781944091042,Point estimate,Strict no-imputation,Complete,0.5258915982791982
SZBH_UV_Cl,UV_Cl,Achromobacter_xylosoxidans,6901970,0.0041414262884364,0.0116830412186665,9.805895997808e-4,0.0049452547605972,0.0160435353964157,0.0610233020427501,0.0046856597893767,0.0086940746070294,46,469,0.00666476382829829,0.06795161381460656,0.0075416149302301,0.0039646651608164,0.04497976664633439,-0.0040084148176527,-0.06128684998630826,259,0.2586371898651123,0.435390434281246,Point estimate,Strict no-imputation,Complete,0.17675324441613371
SZBH_UV_Cl,UV_Cl,Bordetella_hinzii,5033537,0.0022085861293956,0.0032386768985705,4.968673121902e-4,8.278472970397e-4,0.0070397813704359,0.0106144049403034,0.0128483440293544,0.0216416892800538,45,118,0.0089400356051818,0.02344276003136562,0.0010300907691749,3.309799848494999e-4,0.0035746235698675,-0.00879334525069939,-0.01450272442618382,260,0.2684208154678345,0.57312726637732,Point estimate,Strict no-imputation,Complete,0.30470645090948556
SZBH_UV_Cl,UV_Cl,Pseudomonas_putida,6156701,0.003270095461839,0.0032429705454267,2.537073020112e-4,7.14668456369734e-5,0.0062674799377133,0.0045932066540181,0.0069284100233363,0.0207415996627373,20,11,0.00324849298349879,0.00178667114092433,-2.712491641230011e-5,-1.822404563742266e-4,-0.0016742732836952,-0.013813189639401,0.00146182184257445,261,-0.02474823221564293,0.190729783189567,Point estimate,Strict no-imputation,Complete,0.21547801540520992
SZBH_UV_Cl,UV_Cl,Shigella_dysenteriae,5192674,0.0054368905115167,0.03219381767467,1.446268338817e-4,0.0019255974859965,0.0081510990291321,0.0606361963027141,0.0142884966377888,0.0065141770229039,15,104,0.00288868509750467,0.02002821667603243,0.0267569271631533,0.0017809706521148,0.052485097273582,0.0077743196148849,-0.01713953157852775,263,0.2386205494403839,0.503907222862706,Point estimate,Strict no-imputation,Complete,0.26528667342232204
SZBH_UV_Cl,UV_Cl,Chryseobacterium_gleum,5643321,0.0390961279714551,0.0407343477360228,0.0016881903404041,8.565878141612e-4,0.0693187575188439,0.0656983715794299,4.863486755953e-4,0.0032120499672059,1,29,1.772006235335541e-4,0.00513881808247306,0.0016382197645677,-8.316025262429001e-4,-0.00362038593941399,-0.0027257012916106,-0.00496161745893951,264,0.21637243032455444,0.772476880127369,Point estimate,Strict no-imputation,Complete,0.5561044498028146
SZBH_UV_Cl,UV_Cl,Aliarcobacter_cryaerophilus,2108340,0.0339684301393513,0.531827883548194,3.41500896439853e-5,0.295209501313829,0.0431012075851142,3.99727795327129,0,0.0103826425520771,0,11576,0,5.490575523871861,0.4978594534088427,0.295175351224185,3.954176745686176,-0.0103826425520771,-5.490575523871861,267,1.6769766807556152,2.5116981563767,Point estimate,Strict no-imputation,Complete,0.8347214756210848
SZBH_UV_Cl,UV_Cl,Escherichia_coli,10236257,0.0049076532564588,0.0462709171917039,2.83306681338696e-5,5.722794963041e-4,0.0060799567654465,0.0631884291299055,9.578544518041e-4,0.0130234815208282,0,115,0,0.01123457529446554,0.0413632639352451,5.439488281702304e-4,0.05710847236445899,-0.0120656270690241,-0.01123457529446554,269,0.5535569190979004,0.608014596993445,Point estimate,Strict no-imputation,Complete,0.054457677895544565
SZFX_UV,UV,Aeromonas_hydrophila,4744448,0.804707312631522,0.788843507189877,0.254435289416176,0.191858778934872,3.00565924634435,2.61141928418226,0.005214967049322,0.005730054936369,8295,6740,1.748359345491825,1.420607834673286,-0.01586380544164501,-0.062576510481304,-0.3942399621620898,-5.150878870470001e-4,0.3277515108185398,278,-0.0902349129319191,0.0468300417414112,Point estimate,Strict no-imputation,Complete,0.1370649546733303
SZFX_UV,UV,Aliarcobacter_cryaerophilus,2108340,0.213577032167487,0.231492074333361,0.0105485832455865,0.011361070795033,0.407974520238671,0.440248252179439,0.0063678975290745,0.007324473244887,198,222,0.09391274652095964,0.1052961097356214,0.017915042165874,8.124875494465011e-4,0.03227373194076805,-9.565757158125e-4,-0.01138336321466177,279,0.2930225133895874,0.0603385234178648,Point estimate,Strict no-imputation,Complete,0.2326839899717226
SZFX_UV,UV,Aeromonas_caviae,4586140,0.203753265273192,0.160023025899776,0.0031728207163322,0.0021235723287993,0.308593283240372,0.228399045820668,0.0068328878157131,0.0083603687704508,119,70,0.02594774690698496,0.01526338053352056,-0.04373023937341602,-0.0010492483875329,-0.080194237419704,-0.0015274809547377,0.01068436637346439,280,0.07228515297174454,-0.0405753498207999,Point estimate,Strict no-imputation,Complete,0.11286050279254443
SZFX_UV,UV,Escherichia_coli,10236257,0.0762853062403571,0.0667659086714997,4.335569144072e-4,2.709974944942e-4,0.100050731434351,0.0842986845680016,0.0039078227406742,0.0061601184646945,24,19,0.00234460701797541,0.00185614722256387,-0.0095193975688574,-1.62559419913e-4,-0.0157520468663494,-0.0022522957240203,4.884597954115451e-4,282,-0.02553829737007618,0.0182435057708529,Point estimate,Strict no-imputation,Complete,0.04378180314092908
SZFX_UV,UV,Klebsiella_pneumoniae,5682322,0.0820571238307156,0.0684074221770606,0.0015861473531418,0.0014402562895942,0.120428233387689,0.0969703934412727,0.0027137161372543,0.0021140590047906,20,17,0.00351968790223433,0.00299173471689918,-0.01364970165365501,-1.458910635476001e-4,-0.0234578399464163,5.996571324637001e-4,5.279531853351498e-4,283,0.00614232011139392,0.0078761321823443,Point estimate,Strict no-imputation,Complete,0.0017338120709503805
SZFX_UV,UV,Acinetobacter_lwoffii,3528101,0.0165641516498534,0.012138257946697,0.0025322404318923,0.0020376400788979002,0.0469805144467235,0.0354967162221262,0.0022706695789987,0.0024609425242341,19,17,0.00538533335638634,0.00481845616097725,-0.0044258937031564,-4.946003529943998e-4,-0.0114837982245973,-1.902729452353999e-4,5.668771954090894e-4,284,0.1231139525771141,-0.00199919764260475,Point estimate,Strict no-imputation,Complete,0.12511315021971886
SZFX_UV,UV,Cupriavidus_metallidurans,6901105,0.0016661099925301,0.0014770098411776,5.233944419045e-4,4.684757006305e-4,0.0124293138562592,0.0092896717264843,0.0017631854923856,9.867160489158e-4,10,3,0.0014490433053837,4.34712991615111e-4,-1.891001513525e-4,-5.491874127400002e-5,-0.0031396421297749,7.764694434698001e-4,0.00101433031376859,285,0.11657505482435226,0.00725609087626709,Point estimate,Strict no-imputation,Complete,0.10931896394808517
SZFX_UV,UV,Bacteroides_fragilis,5241700,0.0578316195127534,0.0594148844840413,5.332239540606e-4,3.329072629108e-4,0.0797456931911402,0.0766436461453344,0.002304924792595,0.00353910427722,8,6,0.00152622240876051,0.00114466680657038,0.00158326497128789,-2.003166911498e-4,-0.0031020470458058,-0.001234179484625,3.815556021901291e-4,286,0.35592395067214966,0.0652388812535082,Point estimate,Strict no-imputation,Complete,0.2906850694186415
SZFX_UV,UV,Shigella_boydii,4825405,0.0994343479977328,0.0833554903681659,9.522516762841e-4,6.109331755572e-4,0.132517374189316,0.106786062517032,0.0019323391156823,0.0056711137092582,6,21,0.00124341894618171,0.00435196631163601,-0.0160788576295669,-3.413185007269e-4,-0.025731311672284,-0.0037387745935759,-0.00310854736545429,288,-0.1070706844329834,0.0670886259685748,Point estimate,Strict no-imputation,Complete,0.1741593104015582
SZFX_UV,UV,Shigella_dysenteriae,5192674,0.0503337971919669,0.0426460432524744,6.572721491855e-4,3.75336483669e-4,0.0641276536905647,0.0537732582480625,0.0014227634471006,0.0070049165456094,3,15,5.777370195009353e-4,0.00288868509750467,-0.0076877539394925,-2.819356655165e-4,-0.0103543954425022,-0.00558215309850879,-0.00231094807800374,289,0.08595343679189682,0.131694199784285,Point estimate,Strict no-imputation,Complete,0.04574076299238819
SZFX_UV,UV,Staphylococcus_aureus,2821361,3.49831163045e-4,3.643631566467e-4,1.20154776365e-4,1.13420437866689e-5,0.0013100060573602,8.106016918783e-4,0.0125642311608193,0.025000000372529,2,1,7.088777366668072e-4,3.544388683334036e-4,1.453199360169997e-5,-1.088127325783311e-4,-4.994043654819e-4,-0.0124357692117097,3.544388683334036e-4,291,0.14221659302711487,0.0654150420790086,Point estimate,Strict no-imputation,Complete,0.07680155094810627
SZFX_UV,UV,Shigella_sonnei,4994001,0.0591381539571176,0.0505071985368044,4.54545363527159e-5,1.041249290899e-4,0.0717885318805502,0.0605376330521359,0,0.0030769231227727,0,2,0,4.004804964997003e-4,-0.00863095542031319,5.86703927371841e-5,-0.0112508988284143,-0.0030769231227727,-4.004804964997003e-4,306,0.03543944284319877,-0.146791193976506,Point estimate,Strict no-imputation,Complete,0.18223063681970478
SZSG_UV,UV,Aliarcobacter_cryaerophilus,2108340,0.306297845698511,0.342514490072758,0.046286177751216503,0.066784294753218107,0.811535141390857,1.00397943405712,0.006849572393385,0.0074043869479064,944,1438,0.4477456197766964,0.6820531792784845,0.03621664437424704,0.0204981170020016,0.192444292666263,-5.548145545214e-4,-0.2343075595017882,308,0.308542937040329,0.575909612725165,Point estimate,Strict no-imputation,Complete,0.2673666756848361
SZSG_UV,UV,Escherichia_coli,10236257,0.0177777873298804,0.0161923445259335,2.171692250399e-4,0.00015523252298170001,0.0238512964260275,0.0205542904989587,0.0177202234249955,0.0132643760113388,46,18,0.00449383011778621,0.00175845526348156,-0.0015854428039469,-6.19367020582e-5,-0.00329700592706879,0.0044558474136567,0.00273537485430465,310,0.1435653567314148,0.447302593727804,Point estimate,Strict no-imputation,Complete,0.3037372369963892
SZSG_UV,UV,Klebsiella_pneumoniae,5682322,0.0639414661823106,0.0520940207189947,0.0014360326641115,0.0014200180841564,0.098050057705283,0.0770248500524961,0.0040279796748767,0.0027407996900345,46,14,0.00809528217513896,0.00246378153156403,-0.0118474454633159,-1.601457995509996e-5,-0.0210252076527869,0.0012871799848422,0.00563150064357493,311,0.09191395342350006,0.410774766437985,Point estimate,Strict no-imputation,Complete,0.31886081301448493
SZSG_UV,UV,Chryseobacterium_gleum,5643321,0.166178035947272,0.210108019728099,0.0063714256197724,0.0130529523307285,0.305398009434515,0.424179840204021,9.521939857529e-4,9.078003616026e-4,44,67,0.00779682743547638,0.01187244177674812,0.04392998378082699,0.0066815267109561,0.118781830769506,4.439362415030001e-5,-0.00407561434127174,312,0.38400962948799133,0.630302053032279,Point estimate,Strict no-imputation,Complete,0.2462924235442877
SZSG_UV,UV,Bordetella_hinzii,5033537,0.0020862069753336,0.002376857466231,2.755517640974e-4,4.15214986996221e-5,0.0049203969296341,0.0042369808744824,0.0199254005180474,0.0065497074400979,31,3,0.00615869119468079,5.960023736787869e-4,2.906504908973999e-4,-2.340302653977779e-4,-6.834160551517001e-4,0.0133756930779495,0.00556268882100201,313,0.331994891166687,0.37967897793781,Point estimate,Strict no-imputation,Complete,0.04768408677112301
SZSG_UV,UV,Aeromonas_caviae,4586140,0.160436227415648,0.125481559655832,9.382618062248e-4,6.063923037674e-4,0.224661480024595,0.168150121888995,0.0042065467885447,0.0044458958366199,28,14,0.00610535221340822,0.00305267610670411,-0.03495466775981601,-3.318695024574001e-4,-0.05651135813559999,-2.393490480751999e-4,0.00305267610670411,314,-0.01603711955249309,0.390873266145242,Point estimate,Strict no-imputation,Complete,0.4069103856977351
SZSG_UV,UV,Acinetobacter_lwoffii,3528101,0.0126450461593927,0.0114642409613556,0.0023224958695909,0.0019143442888964,0.039686222134797,0.0335954101087241,0.0027040609112882,0.0036456065662235,26,33,0.00736940354031814,0.00935347372424995,-0.0011808051980371,-4.081515806945001e-4,-0.0060908120260729,-9.415456549352998e-4,-0.0019840701839318,315,0.1235235258936882,0.479766932952668,Point estimate,Strict no-imputation,Complete,0.3562434070589798
SZSG_UV,UV,Achromobacter_xylosoxidans,6901970,0.005426131959426,0.005988290299726,1.479287797541e-4,2.784712190866e-4,0.00873649117570769,0.0107115794476069,0.007813146252123,0.007530350280726,11,21,0.00159374787198437,0.00304260957378835,5.621583403000001e-4,1.305424393325e-4,0.0019750882718992,2.827959713969999e-4,-0.00144886170180397,317,0.28989654779434204,0.406940347092864,Point estimate,Strict no-imputation,Complete,0.11704379929852193
SZSG_UV,UV,Cupriavidus_metallidurans,6901105,0.0017268249070257,0.0016252469713183,5.415074832218e-4,5.161492253776e-4,0.0226008733384001,0.019998391561931,0.0023265586104785,8.26058245187e-4,10,4,0.0014490433053837,5.796173221534811e-4,-1.015779357074001e-4,-2.535825784420005e-5,-0.0026024817764691,0.0015005003652915,8.694259832302219e-4,318,0.16660045087337494,0.392346980338826,Point estimate,Strict no-imputation,Complete,0.22574652946545104
SZSG_UV,UV,Aeromonas_hydrophila,4744448,0.181317194329034,0.194849643204014,0.0012962519559704,0.0011942379808989,0.258169759685426,0.274458904386769,0.0015307814318958,0.0036129615162102,9,26,0.00189695408190794,0.00548008956995629,0.01353244887497998,-1.020139750715001e-4,0.01628914470134302,-0.0020821800843144,-0.00358313548804834,319,0.3781976103782654,0.487435669347986,Point estimate,Strict no-imputation,Complete,0.10923805896972061
SZSG_UV,UV,Shigella_dysenteriae,5192674,0.0137788353360907,0.0109693002102577,3.165998866864e-4,3.69559113474e-4,0.019804825028492,0.0154192233134603,0.0058759176093006,0.0032952274736978,4,0,7.703160260012471e-4,0,-0.002809535125833,5.295922678759998e-5,-0.00438560171503169,0.0025806901356028,7.703160260012471e-4,320,0.13542939722537994,0.455633253235949,Point estimate,Strict no-imputation,Complete,0.32020385601056905
SZSG_UV,UV,Laribacter_hongkongensis,3110307,0.0550083962772806,0.0384232167435561,2.276302628647e-4,3.08651203884353e-5,0.0722391712457965,0.04921282690101,0,0,0,0,0,0,-0.0165851795337245,-1.967651424762647e-4,-0.0230263443447865,0,0,323,-0.0638255700469017,0.422990507368227,Point estimate,Strict no-imputation,Complete,0.4868160774151287
SZSG_UV,UV,Pseudomonas_alcaligenes,4406305,0.0268528846732125,0.02296232330717,2.08791720046615e-5,1.529626296863e-4,0.0329609502746632,0.0290560912147479,0,0.0138081109665266,0,8,0,0.00181558017431839,-0.00389056136604249,1.320834576816385e-4,-0.00390485905991529,-0.0138081109665266,-0.00181558017431839,331,-0.02734127081930637,0.39233670528951,Point estimate,Strict no-imputation,Complete,0.41967797610881635
