.row_id,Feature,SHAP_value,Feature_value,Feature_value_scaled
1,Delta Breadth,-0.08064962923526764,-0.004007841,0.6179360130554155
1,Delta Pi,-0.03711988404393196,0.003191495,0.6687666460730961
1,Delta SNV Density,-0.17153754830360413,2.202712019,0.4286029266898319
1,Disinfection Type,0.017251817043870687,NA,NA
1,Initial Breadth,-0.010047796182334423,0.007487138,0.008837946085301045
2,Delta Breadth,0.15948030352592468,0.00129789,0.6217573788843356
2,Delta Pi,0.0011958564864471555,0.005434699,0.6981394449666528
2,Delta SNV Density,-0.041585251688957214,0.523689018,0.4001615260721365
2,Disinfection Type,0.05296448711305857,NA,NA
2,Initial Breadth,0.002760261995717883,0.007879345,0.009314541321702693
3,Delta Breadth,-0.10469220578670502,-0.005621583,0.6167737418178625
3,Delta Pi,-0.01449618674814701,-9.88876e-4,0.6140283357440058
3,Delta SNV Density,-0.04187113419175148,-0.059867692,0.39027650951049964
3,Disinfection Type,-0.19066593050956726,NA,NA
3,Initial Breadth,0.013855043798685074,0.004840212,0.005621500884915353
4,Delta Breadth,0.26077741384506226,0.007991342,0.6265782280284623
4,Delta Pi,0.023493502289056778,-0.003187042,0.5852452701589524
4,Delta SNV Density,0.07390467822551727,-3.894184197,0.3253260402502238
4,Disinfection Type,-0.07168632559478283,NA,NA
4,Initial Breadth,0.013137713074684143,0.013324312,0.015931061002800114
5,Delta Breadth,0.21501438319683075,6.0403e-4,0.621257637586849
5,Delta Pi,-0.03520602360367775,-7.7612e-4,0.6168141899068005
5,Delta SNV Density,0.0912477895617485,-0.972645587,0.37481473098143253
5,Disinfection Type,-0.0429108995012939,NA,NA
5,Initial Breadth,0.018225172534585,0.009014238,0.01069362073034552
6,Delta Breadth,-0.031129468232393265,-4.40019e-4,0.6205056783992614
6,Delta Pi,0.09853395074605942,0.010030441,0.7583166760756701
6,Delta SNV Density,-0.04226616770029068,0.282973485,0.39608398401054623
6,Disinfection Type,0.02698159939609468,NA,NA
6,Initial Breadth,0.01718159392476082,0.004680113,0.005426954584740528
7,Delta Breadth,0.21735474467277527,0.018401703,0.6340761199856917
7,Delta Pi,0.07955265045166016,-0.009466617,0.503019715277628
7,Delta SNV Density,0.3068222403526306,-10.84651056,0.2075588034718827
7,Disinfection Type,-0.03858729777857661,NA,NA
7,Initial Breadth,-0.016744431108236313,0.022303197,0.026841865295426755
8,Delta Breadth,-0.0810968428850174,-0.004092455,0.6178750712081472
8,Delta Pi,-0.016048893332481384,0.001625301,0.6482587023505032
8,Delta SNV Density,-0.15791335701942444,2.610689731,0.43551376563794153
8,Disinfection Type,-0.061244933924172074,NA,NA
8,Initial Breadth,-0.013458626344799995,0.008061611,0.00953602412888865
9,Delta Breadth,0.2038874477148056,0.008010032,0.6265916891947638
9,Delta Pi,0.04343228414654732,-0.008629195,0.5139850256083158
9,Delta SNV Density,0.17065031826496124,-2.4652866,0.34953050259155855
9,Disinfection Type,-0.06698337197303772,NA,NA
9,Initial Breadth,-0.006805018521845341,0.017236383,0.0206848629570361
10,Delta Breadth,0.24227523803710938,0.004278923,0.6239044190643
10,Delta Pi,0.07241223007440567,0.001251094,0.643358788229647
10,Delta SNV Density,0.2013479471206665,-2.92221888,0.3417904096786581
10,Disinfection Type,0.04226780205499381,NA,NA
10,Initial Breadth,0.03794468194246292,0.015625104,0.01872689714838401
11,Delta Breadth,-0.12829357385635376,-0.004796167,0.6173682341690662
11,Delta Pi,-0.036154814064502716,0.001052399,0.6407570505918061
11,Delta SNV Density,-0.04947974160313606,1.36432095,0.4144012056571092
11,Disinfection Type,-0.19993461249396205,NA,NA
11,Initial Breadth,-0.005118269938975573,0.017423576,0.020912332869831473
12,Delta Breadth,-0.013662636280059814,-0.001970307,0.619403513537981
12,Delta Pi,0.03934582322835922,-0.001786634,0.6035823908813335
12,Delta SNV Density,0.008357949554920197,1.120136624,0.4102649048225217
12,Disinfection Type,0.3007137249223888,NA,NA
12,Initial Breadth,0.014386152848601341,0.007125647,0.008398675780074293
13,Delta Breadth,-0.24050000309944153,-0.008327622,0.6148247615611693
13,Delta Pi,0.03788808733224869,-0.005335798,0.5571091854072654
13,Delta SNV Density,-0.012250489555299282,-0.509625209,0.3826579517455385
13,Disinfection Type,-0.0760668944567442,NA,NA
13,Initial Breadth,-0.0053549036383628845,0.009095954,0.01079291894872968
14,Delta Breadth,0.09131311625242233,2.16605e-4,0.6209786010777856
14,Delta Pi,0.019414149224758148,-0.00250289,0.594203643587595
14,Delta SNV Density,-0.08064306527376175,-0.083764554,0.3898717144450104
14,Disinfection Type,0.028146433178335428,NA,NA
14,Initial Breadth,0.025752875953912735,0.00503349,0.005856365061488535
15,Delta Breadth,0.04964429885149002,0.005509876,0.6247909927958379
15,Delta Pi,-0.049858689308166504,-0.001097056,0.6126118130450873
15,Delta SNV Density,-0.07231482863426208,1.435230533,0.41560236124374234
15,Disinfection Type,0.08282452542334795,NA,NA
15,Initial Breadth,-0.01938275620341301,0.020239584,0.02433424017507828
16,Delta Breadth,-0.2680295407772064,-0.014966125,0.6100434885340625
16,Delta Pi,0.04436466097831726,8.12275e-4,0.6376128363511412
16,Delta SNV Density,-0.005820607300847769,0.070502422,0.39248488225979505
16,Disinfection Type,0.007805286208167672,NA,NA
16,Initial Breadth,-0.015446376986801624,0.016460413,0.019741933316334666
17,Delta Breadth,0.19399873912334442,0.002089509,0.6223275294999857
17,Delta Pi,-0.02427256666123867,-0.001053879,0.6131771781825545
17,Delta SNV Density,0.06903952360153198,-0.543407968,0.3820856969389529
17,Disinfection Type,0.04029315896332264,NA,NA
17,Initial Breadth,0.01561596617102623,0.013720696,0.01641273197294045
18,Delta Breadth,0.259103924036026,0.020910116,0.6358827633535931
18,Delta Pi,0.012847114354372025,-0.001561288,0.6065331001077201
18,Delta SNV Density,-0.08256743103265762,-0.060967313,0.39025788274876383
18,Disinfection Type,-0.07727959239855409,NA,NA
18,Initial Breadth,-0.006045004818588495,0.041997947,0.05077418683002806
19,Delta Breadth,-0.05562077835202217,-0.003720698,0.6181428230968996
19,Delta Pi,0.026093898341059685,0.001354557,0.6447135459297599
19,Delta SNV Density,-0.0494338683784008,0.564490323,0.4008526698268907
19,Disinfection Type,0.020171179436147213,NA,NA
19,Initial Breadth,-0.0072435117326676846,0.013243668,0.01583306543860984
20,Delta Breadth,0.38429731130599976,0.037456411,0.6477999612492706
20,Delta Pi,0.09328659623861313,-0.003933987,0.575464677190347
20,Delta SNV Density,0.14889051020145416,-2.982587336,0.340767812941898
20,Disinfection Type,-0.04944651061668992,NA,NA
20,Initial Breadth,0.024332405999302864,0.050463124,0.061060752428033195
21,Delta Breadth,-0.050400927662849426,-0.005114649,0.617138852726259
21,Delta Pi,-0.008198428899049759,0.00197245,0.652804315572974
21,Delta SNV Density,-0.017169665545225143,0.242363266,0.3953960771104839
21,Disinfection Type,-0.054472672985866666,NA,NA
21,Initial Breadth,0.003663708921521902,0.01968396,0.02365906672934572
22,Delta Breadth,0.17788246273994446,0.004034748,0.6237285560208709
22,Delta Pi,0.01639629900455475,8.52058e-4,0.6381337600203137
22,Delta SNV Density,-0.038107454776763916,0.409290818,0.398223705664551
22,Disinfection Type,0.0319257325027138,NA,NA
22,Initial Breadth,-0.008587206713855267,0.021740591,0.026158207585159
23,Delta Breadth,-0.5792686939239502,-0.062320495,0.5759372793485538
23,Delta Pi,-0.015984145924448967,-0.002028749,0.6004121062330743
23,Delta SNV Density,0.03135683760046959,-2.623542987,0.3468497571221425
23,Disinfection Type,-0.0033309906721115112,NA,NA
23,Initial Breadth,-0.03625044226646423,0.004858704,0.005643971669759936
24,Delta Breadth,-0.0179931428283453,-3.89728e-4,0.6205418996680936
24,Delta Pi,-0.007016295567154884,-1.65565e-4,0.6248088748433713
24,Delta SNV Density,-0.01592341810464859,0.096084494,0.3929182235290626
24,Disinfection Type,-0.05350608145818114,NA,NA
24,Initial Breadth,-0.005474956706166267,0.00384116,0.00440749036466064
25,Delta Breadth,-0.04394581541419029,-0.00141861,0.619800864263775
25,Delta Pi,-0.03884188458323479,-4.25107e-4,0.62141039883743
25,Delta SNV Density,0.061461251229047775,-0.760755278,0.3784039951914445
25,Disinfection Type,-0.05848015518859029,NA,NA
25,Initial Breadth,-0.004347053822129965,0.004767721,0.005533412540541102
26,Delta Breadth,0.15697570145130157,0.014828941,0.6315028966877777
26,Delta Pi,0.014145727269351482,8.56201e-4,0.6381880089900088
26,Delta SNV Density,0.02721724472939968,1.206091046,0.4117209087900126
26,Disinfection Type,0.024998199427500367,NA,NA
26,Initial Breadth,-0.012179861776530743,0.023183293,0.027911324946009602
27,Delta Breadth,-0.32850414514541626,-0.019849488,0.6065263263374845
27,Delta Pi,0.010731753893196583,-1.59905e-4,0.6248829876042872
27,Delta SNV Density,0.036209993064403534,-0.863260631,0.37666763076499243
27,Disinfection Type,-0.21003275108523667,NA,NA
27,Initial Breadth,-0.005563816055655479,0.034936075,0.042192864836085614
28,Delta Breadth,-0.03455484285950661,-0.007044016,0.6157492577533428
28,Delta Pi,5.349481361918151e-4,0.001034121,0.6405177161317318
28,Delta SNV Density,-0.01953192800283432,1.094716256,0.4098343026987232
28,Disinfection Type,0.3225210774689913,NA,NA
28,Initial Breadth,-0.013026956468820572,0.021544735,0.025920210719675513
29,Delta Breadth,-0.12759044766426086,-0.006347324,0.6162510387524326
29,Delta Pi,-0.013857197016477585,-4.25069e-4,0.62141089641427
29,Delta SNV Density,0.06118083745241165,-1.532710263,0.365327652000115
29,Disinfection Type,-0.05832285061478615,NA,NA
29,Initial Breadth,1.6517675248906016e-4,0.028588751,0.03447983477211975
30,Delta Breadth,-1.7164711952209473,-0.599911964,0.1887458311662854
30,Delta Pi,0.12704315781593323,0.012713522,0.7934492804344904
30,Delta SNV Density,-0.05604441463947296,35.93483519,1
30,Disinfection Type,0.01714626094326377,NA,NA
30,Initial Breadth,0.061660945415496826,0.321161441,0.39000319451637805
31,Delta Breadth,0.11275208741426468,0.008618517,0.6270299405471997
31,Delta Pi,0.01964370347559452,-0.002924169,0.5886873627031642
31,Delta SNV Density,0.19586782157421112,-1.986989885,0.35763249314043166
31,Disinfection Type,0.1336379093118012,NA,NA
31,Initial Breadth,3.2430700957775116e-4,0.021537365,0.025911254972092526
32,Delta Breadth,-0.30504128336906433,-0.079727832,0.5633999300588336
32,Delta Pi,0.05997319892048836,0.007189391,0.7211156055102915
32,Delta SNV Density,0.014572656713426113,-0.012957288,0.3910711368577768
32,Disinfection Type,0.007134726271033287,NA,NA
32,Initial Breadth,0.03351171314716339,0.082447767,0.0999272909951861
33,Delta Breadth,-0.06502249836921692,-0.006853694,0.615886334055796
33,Delta Pi,0.017954014241695404,5.74905e-4,0.6345046833372542
33,Delta SNV Density,0.008464539423584938,0.004899273,0.3913736137176845
33,Disinfection Type,0.012472667265683413,NA,NA
33,Initial Breadth,0.06473284959793091,0.186188167,0.22598873421879404
34,Delta Breadth,-0.25019749999046326,-0.050739184,0.5842785288596007
34,Delta Pi,0.03259451687335968,4.18282e-4,0.6324538418261363
34,Delta SNV Density,-0.008358251303434372,0.027631667,0.3917586835614974
34,Disinfection Type,0.00440079253166914,NA,NA
34,Initial Breadth,0.05125231668353081,0.179762066,0.21817997729901478
35,Delta Breadth,1.0688773393630981,0.464497377,0.9553692207954909
35,Delta Pi,0.02196655422449112,0.00138838,0.6451564285998054
35,Delta SNV Density,-0.0415373258292675,-0.331239163,0.3856796786640327
35,Disinfection Type,-0.06571806827560067,NA,NA
35,Initial Breadth,0.058992717415094376,0.507034238,0.615868846141287
36,Delta Breadth,-0.04025629535317421,-0.005057848,0.6171797627159379
36,Delta Pi,0.05630021542310715,-0.00339433,0.5825310146846187
36,Delta SNV Density,0.02669377811253071,0.00848418,0.39143433937546496
36,Disinfection Type,-0.04959271987900138,NA,NA
36,Initial Breadth,0.05178309604525566,0.237731295,0.28862201020326256
37,Delta Breadth,0.17832238972187042,0.045689621,0.6537297958670307
37,Delta Pi,-0.020126711577177048,0.003075627,0.6672494557229546
37,Delta SNV Density,-0.01997539773583412,-0.020222832,0.39094806394722914
37,Disinfection Type,0.002011185511946678,NA,NA
37,Initial Breadth,0.006985290441662073,0.283860719,0.34467675613169296
38,Delta Breadth,-0.31895488500595093,-0.082782253,0.5612000333741853
38,Delta Pi,0.014130333438515663,-2.74949e-4,0.6233765868150989
38,Delta SNV Density,0.0028049019165337086,0.271387246,0.39588772174084824
38,Disinfection Type,-0.16693235095590353,NA,NA
38,Initial Breadth,0.06630643457174301,0.516127724,0.6269189092709229
39,Delta Breadth,-0.2123713195323944,-0.08745808,0.5578323455815434
39,Delta Pi,0.04735957458615303,0.001052435,0.6407575219803914
39,Delta SNV Density,-0.008820177055895329,0.320673667,0.3967225970485948
39,Disinfection Type,0.35888543957844377,NA,NA
39,Initial Breadth,0.07714614272117615,0.536933238,0.652200989558342
40,Delta Breadth,0.1094653382897377,0.108263594,0.698797674770422
40,Delta Pi,-0.046442873775959015,-4.68536e-4,0.6208417339798655
40,Delta SNV Density,-0.029939182102680206,-0.402993923,0.3844642064077437
40,Disinfection Type,-0.04427828919142485,NA,NA
40,Initial Breadth,-0.04947875440120697,0.624391318,0.7584767681977705
41,Delta Breadth,0.2199595719575882,0.099058031,0.6921675188344781
41,Delta Pi,0.10082945972681046,-0.007931722,0.523117825907658
41,Delta SNV Density,-0.08900042623281479,-0.059280057,0.3902864636102601
41,Disinfection Type,0.02142460597679019,NA,NA
41,Initial Breadth,0.02326139062643051,0.225163645,0.27335027328178185
42,Delta Breadth,0.16429157555103302,0.081678928,0.6796505046207001
42,Delta Pi,-0.01937953755259514,3.48056e-4,0.63153429363743
42,Delta SNV Density,-0.03504124656319618,-0.015509074,0.3910279115012013
42,Disinfection Type,0.07970973057672381,NA,NA
42,Initial Breadth,0.030370885506272316,0.169730318,0.20598977337715266
43,Delta Breadth,0.2560679614543915,0.067824961,0.6696724118585932
43,Delta Pi,0.030446218326687813,-0.002081771,0.5997178294116465
43,Delta SNV Density,-0.028584718704223633,-0.010861383,0.39110663992934047
43,Disinfection Type,0.017450982704758644,NA,NA
43,Initial Breadth,0.024199625477194786,0.28035253,0.34041373643597955
44,Delta Breadth,-0.08869214355945587,-0.006125897,0.6164105179215424
44,Delta Pi,-0.013031729497015476,-6.96628e-4,0.61785506827972
44,Delta SNV Density,-0.016906291246414185,0.044478945,0.3920440639181872
44,Disinfection Type,0.011125313118100166,NA,NA
44,Initial Breadth,-0.039527080953121185,0.823149289,1
45,Delta Breadth,0.6458669304847717,0.297587622,0.8351552042404821
45,Delta Pi,0.12676873803138733,-0.004399535,0.5693687323813605
45,Delta SNV Density,0.07952965050935745,-0.794492183,0.3778325171175083
45,Disinfection Type,-0.053171999752521515,NA,NA
45,Initial Breadth,-0.09061732143163681,0.685027637,0.8321597488389391
46,Delta Breadth,-0.05178610607981682,-0.003267609,0.6184691530261891
46,Delta Pi,0.036219850182533264,-0.004180187,0.5722409030317802
46,Delta SNV Density,-0.01896759308874607,-0.018262746,0.39098126634596814
46,Disinfection Type,-0.02706148475408554,NA,NA
46,Initial Breadth,0.004997710231691599,0.060086653,0.07275490393163492
47,Delta Breadth,0.19375774264335632,0.077591113,0.6767063228376533
47,Delta Pi,-0.010085008107125759,-0.001316271,0.6097413839136079
47,Delta SNV Density,-0.01872597634792328,-0.004437207,0.3912154606918588
47,Disinfection Type,-0.0666656056419015,NA,NA
47,Initial Breadth,0.0202469602227211,0.142503617,0.17290490747845122
48,Delta Breadth,0.17083577811717987,0.001703886,0.6220497908519002
48,Delta Pi,-0.00948577281087637,0,0.6269768040414343
48,Delta SNV Density,-0.0030435677617788315,0,0.3912906236776163
48,Disinfection Type,-0.03221360640600324,NA,NA
48,Initial Breadth,-0.012931409291923046,0.002745736,0.003076372204505315
49,Delta Breadth,-0.4232863485813141,-0.08147481,0.562141697775087
49,Delta Pi,-0.023590946570038795,-0.004056758,0.5738570980789685
49,Delta SNV Density,0.02334914356470108,-0.018409345,0.39097878306796263
49,Disinfection Type,-0.16082026856020093,NA,NA
49,Initial Breadth,0.07998675853013992,0.092475879,0.11211307658621891
50,Delta Breadth,-0.14354997873306274,-0.037200113,0.5940298229366512
50,Delta Pi,0.03162679448723793,-3.06438e-4,0.6229642658383356
50,Delta SNV Density,-0.025587813928723335,-0.076495388,0.3899948487095436
50,Disinfection Type,0.3531588581390679,NA,NA
50,Initial Breadth,0.03984307870268822,0.064722387,0.07838807402198303
51,Delta Breadth,0.09607363492250443,0.009446621,0.6276263688863658
51,Delta Pi,-0.03568846359848976,-3.69344e-4,0.6221405666619798
51,Delta SNV Density,-0.03592637926340103,0.019167751,0.39161531112073444
51,Disinfection Type,-0.07541011646389961,NA,NA
51,Initial Breadth,-0.006107041612267494,0.1019225,0.12359225612327915
52,Delta Breadth,0.23657646775245667,0.003550676,0.6233799110934259
52,Delta Pi,-0.06589040905237198,-0.026599143,0.2786842376587261
52,Delta SNV Density,-0.04207657277584076,-0.034959127,0.39069844207220666
52,Disinfection Type,0.06803337763994932,NA,NA
52,Initial Breadth,-0.040769170969724655,0.036174704,0.043698000341237074
53,Delta Breadth,0.18369996547698975,0.101433296,0.6938782645367443
53,Delta Pi,-0.01770089752972126,-0.015907112,0.4186870534198757
53,Delta SNV Density,-0.059951528906822205,-0.023636266,0.3908902429145106
53,Disinfection Type,0.09487060880928766,NA,NA
53,Initial Breadth,8.511149790138006e-4,0.133760134,0.16228015486730762
54,Delta Breadth,0.21230629086494446,0.031452707,0.6434758918019974
54,Delta Pi,-0.035918451845645905,4.04461e-4,0.6322728678917515
54,Delta SNV Density,0.07159489393234253,-0.849162362,0.37690644495420017
54,Disinfection Type,0.0195417869836092,NA,NA
54,Initial Breadth,0.024958062916994095,0.34821044,0.42287212360951754
55,Delta Breadth,0.2553894519805908,0.07509083,0.674905534969058
55,Delta Pi,-0.0519879013299942,-5.37082e-4,0.6199441839251412
55,Delta SNV Density,0.07514467090368271,-0.929393705,0.37554738568759116
55,Disinfection Type,0.020809299312531948,NA,NA
55,Initial Breadth,0.028327081352472305,0.349033837,0.42387268476183615
56,Delta Breadth,-0.08690131455659866,-0.005771365,0.6166658637862421
56,Delta Pi,0.006470717955380678,1.56321e-4,0.6290236911260864
56,Delta SNV Density,-0.018434707075357437,0.165819503,0.39409948270589723
56,Disinfection Type,0.012783036567270756,NA,NA
56,Initial Breadth,0.0522175058722496,0.232427882,0.28217750163388317
57,Delta Breadth,1.212766408920288,0.513688494,0.9907983169163102
57,Delta Pi,0.21504630148410797,-0.010715939,0.4866609338831156
57,Delta SNV Density,0.5674391984939575,-11.83216747,0.19086250864315588
57,Disinfection Type,0.0159330191090703,NA,NA
57,Initial Breadth,0.057919640094041824,0.55294924,0.6716630344973648
58,Delta Breadth,0.21002253890037537,0.026368138,0.6398138142802786
58,Delta Pi,-0.022309157997369766,-2.90157e-4,0.6231774513260514
58,Delta SNV Density,-0.031342580914497375,-0.080022709,0.38993509851576513
58,Disinfection Type,-0.05911430483683944,NA,NA
58,Initial Breadth,0.03983490914106369,0.278074694,0.33764579556061486
59,Delta Breadth,-0.30761420726776123,-0.105282829,0.544994362137287
59,Delta Pi,0.04328877106308937,0.001084375,0.6411757484085987
59,Delta SNV Density,-0.04973651096224785,1.910306189,0.4236497894492899
59,Disinfection Type,-0.015235252678394318,NA,NA
59,Initial Breadth,0.0880037397146225,0.282831991,0.34342668444925745
60,Delta Breadth,0.17531591653823853,0.119317567,0.7067591177263511
60,Delta Pi,-0.07382141798734665,-7.41747e-4,0.6172642743468996
60,Delta SNV Density,0.05750415846705437,-1.37804408,0.36794758208451106
60,Disinfection Type,-0.0777455740608275,NA,NA
60,Initial Breadth,0.0368257611989975,0.391549276,0.4755358516633062
61,Delta Breadth,-0.13482917845249176,-0.046288549,0.5874840258035648
61,Delta Pi,0.03361770510673523,7.06053e-4,0.6362219519536136
61,Delta SNV Density,-0.03632042929530144,1.949599083,0.42431538184380563
61,Disinfection Type,0.3632561485283077,NA,NA
61,Initial Breadth,0.08747932314872742,0.447176452,0.5431319096022929
62,Delta Breadth,0.11868942528963089,0.101915725,0.6942257261203564
62,Delta Pi,-0.0235738568007946,-0.001630389,0.6056282828123053
62,Delta SNV Density,0.083356112241745,-4.319080207,0.318128617919456
62,Disinfection Type,-0.08092524204403162,NA,NA
62,Initial Breadth,0.03461916372179985,0.493465001,0.5993800182626285
63,Delta Breadth,0.21798290312290192,0.097357637,0.6909428379135455
63,Delta Pi,-0.010240615345537663,-0.002369586,0.5959491431425649
63,Delta SNV Density,0.07260533422231674,-7.484934691,0.2645013980283979
63,Disinfection Type,0.025948784314095974,NA,NA
63,Initial Breadth,-0.021378230303525925,0.629210659,0.7643330506282093
64,Delta Breadth,0.2922345697879791,0.064904143,0.6675687405458759
64,Delta Pi,0.15614618360996246,-0.007866699,0.5239692453516568
64,Delta SNV Density,0.11822086572647095,-1.079764749,0.37300021206271655
64,Disinfection Type,0.14617820270359516,NA,NA
64,Initial Breadth,0.03999384865164757,0.144519385,0.17535439314925994
65,Delta Breadth,0.17716403305530548,0.003251235,0.6231642436189201
65,Delta Pi,-0.009987645782530308,0,0.6269768040414343
65,Delta SNV Density,-0.018207989633083344,0,0.3912906236776163
65,Disinfection Type,0.040935720317065716,NA,NA
65,Initial Breadth,0.013911226764321327,0.015205182,0.018216623683452855
66,Delta Breadth,0.17678992450237274,0.002044184,0.6222948849112954
66,Delta Pi,0.017347302287817,0.001213003,0.642860019823985
66,Delta SNV Density,-0.028544098138809204,0,0.3912906236776163
66,Disinfection Type,0.036033921875059605,NA,NA
66,Initial Breadth,0.017895575612783432,0.010194212,0.012127480879393849
67,Delta Breadth,-0.03693759813904762,-0.001221741,0.6199426559357186
67,Delta Pi,-0.011877840384840965,0.00280549,0.6637122474375251
67,Delta SNV Density,-0.029785193502902985,0.032673247,0.39184408417628397
67,Disinfection Type,0.01835378585383296,NA,NA
67,Initial Breadth,0.009810118936002254,0.068742011,0.0832725703479684
68,Delta Breadth,0.0037834697868674994,-2.93989e-4,0.6206108541143509
68,Delta Pi,2.7093017706647515e-4,0.004951903,0.6918176526487835
68,Delta SNV Density,-0.018477005884051323,0.022978469,0.3916798618488749
68,Disinfection Type,-0.04940139455720782,NA,NA
68,Initial Breadth,0.0016917248722165823,0.041218307,0.049826797542972555
69,Delta Breadth,-0.24221234023571014,-0.028221951,0.6004961970278573
69,Delta Pi,0.037892524152994156,0.00270561,0.6624044059957799
69,Delta SNV Density,-0.013662033714354038,0.029534835,0.3917909218116575
69,Disinfection Type,-0.01911481749266386,NA,NA
69,Initial Breadth,0.016891177743673325,0.055659423,0.0673751000819982
70,Delta Breadth,0.15081316232681274,0.00737795,0.6261364424896679
70,Delta Pi,0.060062091797590256,-0.004140476,0.572760883923782
70,Delta SNV Density,-0.02338009886443615,-0.016578799,0.3910097911554659
70,Disinfection Type,-0.1034802389331162,NA,NA
70,Initial Breadth,-0.01862720586359501,0.034522006,0.0416897037172336
71,Delta Breadth,-0.062170933932065964,-0.009441212,0.6140227166076224
71,Delta Pi,0.01753367856144905,3.93272e-4,0.6321263577006052
71,Delta SNV Density,0.011619219556450844,0.003010879,0.3913416257280941
71,Disinfection Type,0.3503761920146644,NA,NA
71,Initial Breadth,-0.01136978343129158,0.038303795,0.046285191871387285
72,Delta Breadth,0.08536560833454132,0.013223,0.6303462439926709
72,Delta Pi,-0.043339621275663376,0.002062903,0.6539887186759993
72,Delta SNV Density,-0.03589121252298355,0.00858727,0.3914360856433766
72,Disinfection Type,-0.0687266425229609,NA,NA
72,Initial Breadth,-0.004486687481403351,0.047745006,0.05775779737935335
73,Delta Breadth,0.12269466370344162,0.016417002,0.6326466716058127
73,Delta Pi,-0.031861063092947006,0.003025559,0.6665938589537787
73,Delta SNV Density,-0.016024403274059296,-0.029107199,0.3907975693792982
73,Disinfection Type,0.02326556434854865,NA,NA
73,Initial Breadth,0.01078163180500269,0.057729363,0.0698904135354481
74,Delta Breadth,-0.03882957249879837,-7.44606e-4,0.6202863046025625
74,Delta Pi,-0.06110892817378044,0.00378448,0.6765312671917708
74,Delta SNV Density,-0.15413109958171844,19.38009835,0.719575072940314
74,Disinfection Type,0.03186137555167079,NA,NA
74,Initial Breadth,-0.0337490551173687,0.002915246,0.0032823543989139907
75,Delta Breadth,0.0860329121351242,6.93349e-5,0.6208725322009878
75,Delta Pi,0.037539638578891754,-0.001250755,0.6105992587624002
75,Delta SNV Density,-0.008618824183940887,1.596646862,0.41833663377996877
75,Disinfection Type,0.03498082747682929,NA,NA
75,Initial Breadth,-0.013634822331368923,0.002419571,0.0026800287295521814
76,Delta Breadth,0.22504445910453796,0.001342197,0.6217892902752037
76,Delta Pi,0.15567350387573242,-0.007282197,0.5316227889878494
76,Delta SNV Density,0.09077132493257523,-5.717156969,0.29444623759551164
76,Disinfection Type,-0.13742912001907825,NA,NA
76,Initial Breadth,0.016071263700723648,0.004119767,0.004746043141709888
77,Delta Breadth,0.20234575867652893,6.51629e-4,0.6212919199867842
77,Delta Pi,0.012584183365106583,9.45986e-4,0.6393636652159509
77,Delta SNV Density,-0.009988418780267239,-0.279510121,0.38655593015446216
77,Disinfection Type,-0.02881219156552106,NA,NA
77,Initial Breadth,-0.010626036673784256,0.002762471,0.003096707948847414
78,Delta Breadth,0.2731166183948517,0.004018049,0.6237165288397007
78,Delta Pi,-0.18384523689746857,-0.019219216,0.37531794178021
78,Delta SNV Density,0.22917138040065765,-15.35860729,0.13112724139840803
78,Disinfection Type,-0.029156162403523922,NA,NA
78,Initial Breadth,0.008209958672523499,0.005523353,0.006451628206433477
79,Delta Breadth,-0.04863343387842178,-4.27334e-4,0.620514814562693
79,Delta Pi,-0.006652357988059521,1.53227e-4,0.6289831778960026
79,Delta SNV Density,-0.05385957285761833,0.582810666,0.4011630028088727
79,Disinfection Type,-0.05835107946768403,NA,NA
79,Initial Breadth,-0.008824540302157402,0.013082649,0.01563740118894026
80,Delta Breadth,0.2587289810180664,0.001161211,0.6216589380737986
80,Delta Pi,0.1196768507361412,-0.00872413,0.5127419346264168
80,Delta SNV Density,0.10177566856145859,-6.793218774,0.27621855109736504
80,Disinfection Type,-0.053029390051960945,NA,NA
80,Initial Breadth,0.023063888773322105,0.004828414,0.00560716439780761
81,Delta Breadth,0.19551174342632294,6.23816e-4,0.6212718881291949
81,Delta Pi,0.00956959743052721,0.001688861,0.6490909650861593
81,Delta SNV Density,0.0562950074672699,4.609126179,0.4693657924372886
81,Disinfection Type,0.06557697802782059,NA,NA
81,Initial Breadth,0.03284889832139015,0.00477239,0.005539086134226986
82,Delta Breadth,-0.09569061547517776,-9.11685e-4,0.6201659686900689
82,Delta Pi,-0.048321813344955444,-7.03761e-4,0.6177616678691877
82,Delta SNV Density,-0.10274332761764526,2.190576665,0.4283973628205186
82,Disinfection Type,-0.1988081601448357,NA,NA
82,Initial Breadth,-0.028590653091669083,0.003357877,0.003820222988928188
83,Delta Breadth,0.008912181481719017,-7.59704e-4,0.6202754305154131
83,Delta Pi,-0.019288793206214905,0.004486374,0.6857219566282171
83,Delta SNV Density,0.09154105186462402,4.513928103,0.4677532078473591
83,Disinfection Type,0.34820927353575826,NA,NA
83,Initial Breadth,-0.03845975175499916,0.002489105,0.0027645238384307893
84,Delta Breadth,9.768640156835318e-4,-1.09068e-4,0.6207440404350387
84,Delta Pi,-0.03641114756464958,-1.70345e-4,0.6247462849145413
84,Delta SNV Density,-0.08499941974878311,3.527050008,0.4510362270531674
84,Disinfection Type,-0.06526783527806401,NA,NA
84,Initial Breadth,-0.0321308895945549,0.003248809,0.003687687645999951
85,Delta Breadth,0.088587686419487,8.82084e-4,0.6214579014249882
85,Delta Pi,-0.039931848645210266,0.001023537,0.6403791278876446
85,Delta SNV Density,-0.19726043939590454,15.99459362,0.6622271412790534
85,Disinfection Type,0.09797231177799404,NA,NA
85,Initial Breadth,-0.0017840308137238026,0.004708021,0.0054608673396314335
86,Delta Breadth,0.2193974256515503,0.083220324,0.6807606698369981
86,Delta Pi,-0.008521770127117634,-1.61157e-4,0.6248665937568195
86,Delta SNV Density,-0.009490061551332474,-0.02147749,0.3909268109740448
86,Disinfection Type,0.021224367897957563,NA,NA
86,Initial Breadth,0.02670256234705448,0.246583173,0.2993784803529757
87,Delta Breadth,-0.4059670567512512,-0.058586602,0.5786265546094074
87,Delta Pi,0.027201740071177483,0.007595267,0.7264301975508378
87,Delta SNV Density,-0.005269222892820835,0.034873903,0.39188136165186377
87,Disinfection Type,-0.20668680220842361,NA,NA
87,Initial Breadth,-0.07125589996576309,0.037955842,0.04586237243600835
88,Delta Breadth,0.2328546941280365,0.008586079,0.6270065776091316
88,Delta Pi,0.06626830995082855,-0.001850423,0.6027471295905097
88,Delta SNV Density,-0.003587799146771431,-0.019190058,0.3909655583705123
88,Disinfection Type,-0.042850847356021404,NA,NA
88,Initial Breadth,0.014547892846167088,0.049605365,0.060018435862085516
89,Delta Breadth,-0.3542689085006714,-0.03303817,0.5970273941972585
89,Delta Pi,-0.019347943365573883,-0.004036332,0.5741245587246341
89,Delta SNV Density,-0.022183144465088844,-0.380360709,0.38484759621613623
89,Disinfection Type,-0.0036731832660734653,NA,NA
89,Initial Breadth,0.018515342846512794,0.005590502,0.006533225152763182
90,Delta Breadth,0.15626691281795502,0.041434113,0.6506648359480496
90,Delta Pi,-0.047801971435546875,0.002310585,0.6572318983313289
90,Delta SNV Density,-0.03324640169739723,0.015490536,0.3915530218341016
90,Disinfection Type,-0.07036142516881227,NA,NA
90,Initial Breadth,0.00619033258408308,0.139732438,0.16953747469266134
91,Delta Breadth,0.27561628818511963,0.004524286,0.6240811377452662
91,Delta Pi,0.11362940818071365,-0.005870201,0.5501116444581974
91,Delta SNV Density,0.18404358625411987,-1.74179122,0.361785976123116
91,Disinfection Type,0.023132607340812683,NA,NA
91,Initial Breadth,0.03967991843819618,0.007528368,0.008888047234941004
92,Delta Breadth,-0.42572519183158875,-0.116167767,0.5371546638708061
92,Delta Pi,0.04363897815346718,6.1398e-4,0.6350163363642485
92,Delta SNV Density,-0.004417537711560726,0.03216435899999999,0.3918354639921239
92,Disinfection Type,0.32350742258131504,NA,NA
92,Initial Breadth,-0.02651149034500122,0.042541617,0.05143483422330376
93,Delta Breadth,0.20105324685573578,0.071393245,0.6722424099503702
93,Delta Pi,-0.043959714472293854,0.004378417,0.6843083539197021
93,Delta SNV Density,-0.005519657861441374,0.006074956,0.39139352891311807
93,Disinfection Type,-0.05796253774315119,NA,NA
93,Initial Breadth,0.028310628607869148,0.158709384,0.19259754772820464
94,Delta Breadth,0.184001162648201,0.003785005,0.6235486827166622
94,Delta Pi,0.03216478228569031,-0.003486832,0.5813197817146115
94,Delta SNV Density,0.12122659385204315,-0.657398164,0.3801547878156147
94,Disinfection Type,0.15168531378731132,NA,NA
94,Initial Breadth,0.039370097219944,0.007277807,0.008583574905206875
95,Delta Breadth,0.04528893157839775,2.68073e-4,0.621015670061585
95,Delta Pi,-0.0419556200504303,-2.39477e-4,0.623841061701178
95,Delta SNV Density,-0.17312702536582947,2.60920716,0.43548865198808084
95,Disinfection Type,0.03052593767642975,NA,NA
95,Initial Breadth,-0.03259598836302757,0.002365128,0.0026138716378750443
96,Delta Breadth,0.09296761453151703,2.26485e-4,0.6209857169859215
96,Delta Pi,-0.03186599165201187,-8.55431e-4,0.615775681570935
96,Delta SNV Density,0.0772562325000763,-0.803466294,0.37768050235297757
96,Disinfection Type,0.033314603846520185,NA,NA
96,Initial Breadth,-0.010959703475236893,0.002140817,0.0023412973236162722
97,Delta Breadth,0.17462888360023499,0.002795205,0.6228357954825628
97,Delta Pi,-0.0282136183232069,-8.62169e-4,0.6156874533407138
97,Delta SNV Density,-0.015657788142561913,0.322998703,0.3967619814288488
97,Disinfection Type,-0.12086809054017067,NA,NA
97,Initial Breadth,0.011755462735891342,0.004531303,0.005246126253963849
98,Delta Breadth,0.024945560842752457,4.81082e-5,0.62085724401807
98,Delta Pi,-0.04074403643608093,-4.34747e-4,0.6212841714495804
98,Delta SNV Density,-0.014388571493327618,0.006064554,0.39139335271097614
98,Disinfection Type,0.02634913520887494,NA,NA
98,Initial Breadth,-0.028137486428022385,0.001540478,0.0016117878869511195
99,Delta Breadth,-0.23621343076229095,-0.006135394,0.6164036778628819
99,Delta Pi,0.16222859919071198,-0.006676508,0.5395537579006364
99,Delta SNV Density,0.2810322344303131,-9.728708465,0.22649353943217593
99,Disinfection Type,-0.17992840288206935,NA,NA
99,Initial Breadth,-0.06472265720367432,0.003076754,0.003478612863043284
100,Delta Breadth,0.10229240357875824,1.07809e-4,0.6209002425411912
100,Delta Pi,0.025205353274941444,-0.002091703,0.5995877785386048
100,Delta SNV Density,0.0707957074046135,-0.961214537,0.37500836446491503
100,Disinfection Type,-0.04139227094128728,NA,NA
100,Initial Breadth,-0.0196580458432436,0.002609582,0.002910922970256487
101,Delta Breadth,-0.019317075610160828,-1.47947e-4,0.6207160384722438
101,Delta Pi,-0.009558089077472687,-0.001293816,0.6100354125437079
101,Delta SNV Density,0.050005946308374405,-0.846572166,0.37695032094760256
101,Disinfection Type,-0.004131060093641281,NA,NA
101,Initial Breadth,-0.022243473678827286,0.001897377,0.002045478166004048
102,Delta Breadth,0.21850217878818512,0.003226875,0.6231466987280101
102,Delta Pi,0.0021728428546339273,-0.009911336,0.4971965080476376
102,Delta SNV Density,-0.043052516877651215,0.624538417,0.40186983986968694
102,Disinfection Type,-0.013112140353769064,NA,NA
102,Initial Breadth,0.02616981975734234,0.005404207,0.006306846455887692
103,Delta Breadth,-0.04902897775173187,-6.11351e-4,0.6203822793331949
103,Delta Pi,-0.030104881152510643,1.39125e-4,0.6287985245118266
103,Delta SNV Density,-0.15519653260707855,2.380331135,0.4316116623846426
103,Disinfection Type,-0.06002831761725247,NA,NA
103,Initial Breadth,0.006848030723631382,0.005472602,0.006389957494685293
104,Delta Breadth,-0.6286759376525879,-0.037061891,0.5941293750676592
104,Delta Pi,-0.20663952827453613,-0.011591523,0.47519592546372263
104,Delta SNV Density,0.026706263422966003,-10.08800624,0.22040730240401413
104,Disinfection Type,-0.10433957166969776,NA,NA
104,Initial Breadth,-0.07215533405542374,0.003551026,0.004054930409539605
105,Delta Breadth,0.2583012878894806,6.34101e-4,0.6212792957319456
105,Delta Pi,0.033975906670093536,-0.002885668,0.589191499701048
105,Delta SNV Density,0.17346443235874176,-2.294370254,0.352425698348736
105,Disinfection Type,0.019495688378810883,NA,NA
105,Initial Breadth,0.015416915528476238,0.003490166,0.003980975620136549
106,Delta Breadth,-0.1018153727054596,-4.45871e-4,0.6205014635921348
106,Delta Pi,-0.043213874101638794,-5.9719e-5,0.6261948358490076
106,Delta SNV Density,-0.06730228662490845,1.614142156,0.4186329910456417
106,Disinfection Type,-0.2137465076521039,NA,NA
106,Initial Breadth,-0.056337881833314896,0.003094722,0.0035004469027408534
107,Delta Breadth,0.002422783523797989,-6.057e-4,0.6203863493733645
107,Delta Pi,-0.011467275209724903,0.002541211,0.6602517445502307
107,Delta SNV Density,-0.028514130041003227,0.319641299,0.3967051095026497
107,Disinfection Type,0.3268599770963192,NA,NA
107,Initial Breadth,-0.03580544888973236,0.002236019,0.0024569832233985547
108,Delta Breadth,-0.024789394810795784,-2.53003e-4,0.620640373609377
108,Delta Pi,-0.03889663517475128,0.002166316,0.6553428216697438
108,Delta SNV Density,-0.11583999544382095,1.691431851,0.4199422209834122
108,Disinfection Type,-0.05830139550380409,NA,NA
108,Initial Breadth,-0.02770247682929039,0.002841719,0.0031930071461956453
109,Delta Breadth,0.004776825662702322,-1.41861e-4,0.6207204218140367
109,Delta Pi,-0.025782624259591103,-0.003717942,0.5782935979380625
109,Delta SNV Density,0.12331178784370422,-2.895870459,0.34223673232990126
109,Disinfection Type,0.022129668854176998,NA,NA
109,Initial Breadth,-0.03406007960438728,0.001780874,0.0019039080899306959
110,Delta Breadth,0.05503558740019798,5.39624e-4,0.6212112502205129
110,Delta Pi,-0.03634745627641678,-9.49331e-4,0.6145461430108642
110,Delta SNV Density,-0.05848458781838417,-0.349128197,0.38537665173566155
110,Disinfection Type,0.11737209651619196,NA,NA
110,Initial Breadth,0.0015069529181346297,0.004096301,0.00471752813861866
111,Delta Breadth,-0.05829756334424019,-0.001163564,0.6199845569668545
111,Delta Pi,-0.0046234652400016785,0.001678792,0.6489591203176677
111,Delta SNV Density,-0.035907719284296036,0.868614218,0.40600430237150587
111,Disinfection Type,0.022154306061565876,NA,NA
111,Initial Breadth,0.0021659228950738907,0.010248315,0.012193224815822924
112,Delta Breadth,0.192708820104599,6.0009e-4,0.6212547998663981
112,Delta Pi,-0.007207516580820084,0.001409673,0.6454352418539011
112,Delta SNV Density,-0.04997525364160538,1.445659838,0.41577902591211946
112,Disinfection Type,0.04886251478455961,NA,NA
112,Initial Breadth,0.03914686292409897,0.007223455,0.00851752839331672
113,Delta Breadth,-0.5078258514404297,-0.010018043,0.613607263530099
113,Delta Pi,-0.1162731721997261,-0.002591967,0.5930372580038311
113,Delta SNV Density,-0.2553943991661072,-6.536246423,0.2805714715624862
113,Disinfection Type,-0.238104990683496,NA,NA
113,Initial Breadth,-0.12494058161973953,0.00321099,0.0036417314156280455
114,Delta Breadth,-0.051881659775972366,-0.003011434,0.6186536588730223
114,Delta Pi,-0.017605844885110855,0.004427613,0.6849525326098113
114,Delta SNV Density,-0.0388609915971756,0.630676887,0.4019738209851009
114,Disinfection Type,0.025628539035096765,NA,NA
114,Initial Breadth,-0.0036996020935475826,0.012237562,0.014610483162120342
115,Delta Breadth,0.4145795404911041,0.026037393,0.6395756006126263
115,Delta Pi,0.1670222133398056,-0.003796221,0.5772686027416432
115,Delta SNV Density,0.12323924154043198,1.296366249,0.4132501035734298
115,Disinfection Type,-0.023526226170361042,NA,NA
115,Initial Breadth,0.002482451731339097,0.031170094,0.03761658597064181
116,Delta Breadth,0.18120364844799042,0.002317771,0.6224919314658676
116,Delta Pi,0.03767154738306999,-0.001848373,0.6027739725516188
116,Delta SNV Density,-0.030323170125484467,-0.279600393,0.3865544010139352
116,Disinfection Type,-0.02758657606318593,NA,NA
116,Initial Breadth,0.013839948922395706,0.015083209,0.018068406668535684
117,Delta Breadth,-0.11240037530660629,-0.006070265,0.616450585958123
117,Delta Pi,0.019534528255462646,4.69775e-4,0.6331280977268149
117,Delta SNV Density,-0.028520409017801285,-0.441606927,0.38381013084406024
117,Disinfection Type,-0.0049267057329416275,NA,NA
117,Initial Breadth,-0.004237747751176357,0.012255667,0.01463248367907963
118,Delta Breadth,0.09756442904472351,1.82468e-4,0.6209540144628023
118,Delta Pi,0.08291416615247726,0.006906726,0.717414353997167
118,Delta SNV Density,-0.06746914982795715,16.95362215,0.6784723711593376
118,Disinfection Type,0.070275554433465,NA,NA
118,Initial Breadth,0.018859393894672394,0.001752466,0.0018693877537926413
119,Delta Breadth,0.135665625333786,9.02576e-4,0.6214726604522677
119,Delta Pi,-0.024018634110689163,0.001537879,0.6471139875475372
119,Delta SNV Density,-0.09203531593084335,4.046815905,0.45984067469634343
119,Disinfection Type,-0.06561238347785547,NA,NA
119,Initial Breadth,-0.006164959631860256,0.003703267,0.0042399279628342265
120,Delta Breadth,0.10355818271636963,4.3715e-4,0.6211374450008452
120,Delta Pi,0.024146193638443947,-0.006389042,0.5433178743192658
120,Delta SNV Density,0.15196815133094788,-10.22157079,0.21814481828520832
120,Disinfection Type,-0.10830493667162955,NA,NA
120,Initial Breadth,-0.02964421920478344,0.001860889,0.002001139316912055
121,Delta Breadth,-0.15778771042823792,-0.006600175,0.6160689269621424
121,Delta Pi,-0.019862601533532143,-0.004136763,0.5728095024187079
121,Delta SNV Density,0.1355564445257187,-23.09963444,0
121,Disinfection Type,0.02195926196873188,NA,NA
121,Initial Breadth,-0.026268187910318375,0.001452421,0.0015047843231906053
122,Delta Breadth,0.14314833283424377,0.00173965,0.6220755492869782
122,Delta Pi,-0.03801789507269859,-3.95006e-4,0.6218045451654033
122,Delta SNV Density,-0.08309873938560486,-0.127447048,0.3891317654919024
122,Disinfection Type,-0.15876943664625287,NA,NA
122,Initial Breadth,-0.001992669887840748,0.020948223,0.025195351709876045
123,Delta Breadth,0.028439750894904137,-0.00537233,0.6169532622075987
123,Delta Pi,0.012845630757510662,5.23615e-4,0.6338330855444316
123,Delta SNV Density,-0.0012816929956898093,-0.006487742,0.3911807261543445
123,Disinfection Type,0.3342461916618049,NA,NA
123,Initial Breadth,0.005230252631008625,0.029653392,0.03577354658521306
124,Delta Breadth,0.11381804943084717,0.014077499,0.6309616828981575
124,Delta Pi,-0.035183385014534,-5.98538e-4,0.6191394712334722
124,Delta SNV Density,-0.03440271317958832,0.485769166,0.3995191919876997
124,Disinfection Type,-0.07623427920043468,NA,NA
124,Initial Breadth,-0.017752911895513535,0.035025722,0.04230180050821207
125,Delta Breadth,0.04674900695681572,-2.86823e-5,0.6208019369185043
125,Delta Pi,0.006730168592184782,0.003041725,0.6668055386168469
125,Delta SNV Density,-0.024210916832089424,-0.333543244,0.38564064924589037
125,Disinfection Type,0.029578653629869223,NA,NA
125,Initial Breadth,0.011931324377655983,0.015921504,0.01908707131169432
126,Delta Breadth,0.11515814810991287,0.001212385,0.6216957953089146
126,Delta Pi,-0.032852958887815475,3.56975e-4,0.6316510801594456
126,Delta SNV Density,-0.052075084298849106,0.797455,0.40479891815367525
126,Disinfection Type,0.09318816382437944,NA,NA
126,Initial Breadth,0.03421712666749954,0.005547272,0.006480693678134622
127,Delta Breadth,-0.03338473290205002,-7.13054e-4,0.6203090294136459
127,Delta Pi,0.04063158482313156,-0.00288403,0.5892129478816804
127,Delta SNV Density,-0.010833603329956532,0.044690727,0.39204765134772324
127,Disinfection Type,0.016468308866024017,NA,NA
127,Initial Breadth,0.003606751561164856,0.027647997,0.0333366657949577
128,Delta Breadth,0.16870154440402985,0.002826815,0.622858562067196
128,Delta Pi,-0.0018164495704695582,0.001048279,0.6407031027870405
128,Delta SNV Density,-0.030365746468305588,0.041093702,0.3919867204200374
128,Disinfection Type,0.03873975062742829,NA,NA
128,Initial Breadth,2.63180467300117e-4,0.022704784,0.027329858756024932
129,Delta Breadth,-0.16415593028068542,-0.010884447,0.612983250243402
129,Delta Pi,0.05263422057032585,0.001379271,0.6450371541935894
129,Delta SNV Density,0.0026989122852683067,-0.001104265,0.39127191824997515
129,Disinfection Type,0.0057978820987045765,NA,NA
129,Initial Breadth,0.020221047103405,0.074182878,0.08988410786283918
130,Delta Breadth,0.41349929571151733,0.053289791,0.65920369379588994
130,Delta Pi,0.04105532914400101,-0.012833581,0.4589322598104279
130,Delta SNV Density,-0.06000109389424324,-0.207028307,0.38778371816465823
130,Disinfection Type,-0.019545852672308683,NA,NA
130,Initial Breadth,0.024011878296732903,0.060191631,0.07288246925996147
131,Delta Breadth,0.13111558556556702,0.00835784,0.6268421922086228
131,Delta Pi,0.048301972448825836,-0.002113443,0.5993031122095746
131,Delta SNV Density,-0.016974573954939842,-0.003952137,0.39122367741681696
131,Disinfection Type,-0.06495669111609459,NA,NA
131,Initial Breadth,-9.90082509815693e-4,0.053173147,0.06435387073632169
132,Delta Breadth,-0.16809473931789398,-0.011852868,0.6122857608838004
132,Delta Pi,0.07209287583827972,0.001466039,0.6461733054372553
132,Delta SNV Density,0.004347897134721279,0.006473027,0.3914002719397345
132,Disinfection Type,-0.010610274970531464,NA,NA
132,Initial Breadth,0.015655744820833206,0.049152146,0.05946770113158168
133,Delta Breadth,-0.17367523908615112,-0.008777916,0.6145004446848392
133,Delta Pi,0.011433918960392475,-0.001106904,0.6124828620787446
133,Delta SNV Density,0.009670689702033997,-0.011037314,0.39110365978907496
133,Disinfection Type,-0.17552212718874216,NA,NA
133,Initial Breadth,0.02643512189388275,0.068027991,0.0824049200237888
134,Delta Breadth,0.01730206236243248,-0.004694099,0.6174417469738853
134,Delta Pi,0.03873412683606148,0.001260604,0.6434833133809384
134,Delta SNV Density,-0.0158875472843647,0.07582907,0.39257511171444054
134,Disinfection Type,0.358664461877197,NA,NA
134,Initial Breadth,0.0534728467464447,0.089363231,0.10833070347866317
135,Delta Breadth,0.14500446617603302,0.026029339,0.6395697998510751
135,Delta Pi,-0.05038704723119736,0.001897537,0.651823395209283
135,Delta SNV Density,-0.021029526367783546,-0.006690469,0.3911772921097724
135,Disinfection Type,-0.0633558128029108,NA,NA
135,Initial Breadth,0.0015984087949618697,0.09405733,0.11403479652799105
136,Delta Breadth,0.25201621651649475,0.021372949,0.6362161112392466
136,Delta Pi,0.12133723497390747,-0.005632976,0.5532178988236157
136,Delta SNV Density,-0.0627918541431427,-0.058553501,0.39029877092841764
136,Disinfection Type,0.026318124495446682,NA,NA
136,Initial Breadth,0.01678387075662613,0.059020011,0.07145876057839051
137,Delta Breadth,-0.002028566785156727,-0.00478886,0.6173734969161054
137,Delta Pi,0.026644932106137276,-0.002361572,0.5960540794793104
137,Delta SNV Density,-0.023161180317401886,-0.022788515,0.39090460318581166
137,Disinfection Type,0.19119230285286903,NA,NA
137,Initial Breadth,0.009208660572767258,0.008814355,0.010450730405497488
138,Delta Breadth,-0.15199168026447296,-0.008794468,0.6144885233780107
138,Delta Pi,0.008853972889482975,1.67227e-4,0.6291664956791867
138,Delta SNV Density,-0.0031992902513593435,0.051546958,0.39216379080053737
138,Disinfection Type,0.006397361401468515,NA,NA
138,Initial Breadth,0.015922773629426956,0.049854795,0.060321533843038594
139,Delta Breadth,0.15971282124519348,0.003049634,0.6230190438015007
139,Delta Pi,-0.011783959344029427,7.95627e-5,0.628018608169159
139,Delta SNV Density,-0.023928679525852203,0.011181655,0.3914800325953229
139,Disinfection Type,0.04048925079405308,NA,NA
139,Initial Breadth,0.004038938786834478,0.077967774,0.09448337152686266
140,Delta Breadth,-1.5309182405471802,-0.147155335,0.51483637568836
140,Delta Pi,0.02419285848736763,0.004922292,0.6914299224432218
140,Delta SNV Density,0.016731292009353638,0.013610257,0.39152117130657443
140,Disinfection Type,-0.10967021761462092,NA,NA
140,Initial Breadth,-0.041309066116809845,0.008007994,0.009470870761431804
141,Delta Breadth,-0.1610689014196396,-0.011454296,0.6125728258369924
141,Delta Pi,0.02268672175705433,0.002656828,0.6617656482744022
141,Delta SNV Density,-0.004668399225920439,0.056199765,0.3922426058899108
141,Disinfection Type,0.0066011808812618256,NA,NA
141,Initial Breadth,0.029915515333414078,0.084681579,0.10264173555690183
142,Delta Breadth,0.9595454335212708,0.360649572,0.8805745405835923
142,Delta Pi,-0.033251725137233734,1.5232e-4,0.6289713015224777
142,Delta SNV Density,-0.13200484216213226,6.223457802,0.49671136923535025
142,Disinfection Type,-0.045999789610505104,NA,NA
142,Initial Breadth,0.05457044020295143,0.372522888,0.45241569856371977
143,Delta Breadth,0.1615586280822754,0.019972821,0.6352076919855539
143,Delta Pi,-0.015777716413140297,-1.5317e-4,0.6249711765521261
143,Delta SNV Density,-0.008392256684601307,0.008294651,0.3914311288951949
143,Disinfection Type,-0.06305040465667844,NA,NA
143,Initial Breadth,0.005619372241199017,0.058895642,0.07130763203413701
144,Delta Breadth,-0.25646644830703735,-0.022414252,0.6046790970850319
144,Delta Pi,0.0484573096036911,0.001779521,0.6502780786735503
144,Delta SNV Density,0.010329825803637505,-0.012136648,0.39108503788890564
144,Disinfection Type,-0.008075925521552563,NA,NA
144,Initial Breadth,-0.01657150313258171,0.040364309,0.04878905120316593
145,Delta Breadth,0.19182521104812622,0.004723069,0.6242243079443528
145,Delta Pi,-0.032486867159605026,-2.68787e-4,0.6234572728279547
145,Delta SNV Density,0.09426403790712357,-3.266981973,0.335950379351278
145,Disinfection Type,0.006607470102608204,NA,NA
145,Initial Breadth,0.015438470989465714,0.008288161,0.00981131919197216
146,Delta Breadth,0.15250679850578308,0.004424072,0.6240089602535729
146,Delta Pi,-0.026726799085736275,-0.001153875,0.6118678178220345
146,Delta SNV Density,-0.03148968145251274,0.090945009,0.3928311644764072
146,Disinfection Type,-0.05667226598598063,NA,NA
146,Initial Breadth,-0.011483808979392052,0.016478299,0.019763667712707704
147,Delta Breadth,0.12425178289413452,0.002405707,0.6225552659292115
147,Delta Pi,-0.07875866442918777,0.00519894,0.6950523865919592
147,Delta SNV Density,-0.23658649623394012,9.046276749,0.5445278223125455
147,Disinfection Type,-0.07047417131252587,NA,NA
147,Initial Breadth,0.004922526888549328,0.010257074,0.012203868424110493
148,Delta Breadth,-0.25519904494285583,-0.012385606,0.6119020650671508
148,Delta Pi,0.0786619558930397,9.47901e-4,0.6393887404698649
148,Delta SNV Density,-0.008958485908806324,-0.344882369,0.3854485729035252
148,Disinfection Type,0.007144720409996808,NA,NA
148,Initial Breadth,0.022634346038103104,0.006482385,0.007617007923666332
149,Delta Breadth,-0.10919777303934097,-0.004609383,0.6175027622849825
149,Delta Pi,-0.024187378585338593,-2.29738e-4,0.6239685854076373
149,Delta SNV Density,-0.013523503206670284,0.020379938,0.39163584466677287
149,Disinfection Type,-0.19031155202537775,NA,NA
149,Initial Breadth,0.04241713508963585,0.108161945,0.13117419567252248
150,Delta Breadth,-0.0452161468565464,-0.008774406,0.6145029727048348
150,Delta Pi,0.011764424853026867,3.71706e-4,0.6318439697497374
150,Delta SNV Density,0.0075325556099414825,0.067339349,0.39243130215617383
150,Disinfection Type,0.3723451206460595,NA,NA
150,Initial Breadth,0.05243798717856407,0.131845397,0.15995343827846042
151,Delta Breadth,0.1623651683330536,0.032457858,0.6441998353423511
151,Delta Pi,-0.061428673565387726,-7.09519e-4,0.6176862718837896
151,Delta SNV Density,-0.046094466000795364,-0.039164259,0.3906272102643094
151,Disinfection Type,-0.06180432764813304,NA,NA
151,Initial Breadth,3.0463383882306516e-4,0.140619803,0.17061576735941522
152,Delta Breadth,0.19179277122020721,7.05169e-4,0.621330481294638
152,Delta Pi,0.03137002885341644,-0.002814694,0.5901208422970273
152,Delta SNV Density,-0.04658406600356102,-0.22215964,0.3875274046397831
152,Disinfection Type,0.03995052305981517,NA,NA
152,Initial Breadth,-0.006266930140554905,0.038668347,0.04672818178900908
153,Delta Breadth,-0.2023504376411438,-0.012150667,0.6120712760328936
153,Delta Pi,0.07824204117059708,-0.001516801,0.6071156185520425
153,Delta SNV Density,0.10898679494857788,-3.94069347,0.3245382077636868
153,Disinfection Type,0.2659288407303393,NA,NA
153,Initial Breadth,0.015240197069942951,0.022022511,0.02650078619555186
154,Delta Breadth,-0.032629843801259995,-0.005605877,0.616785053807051
154,Delta Pi,0.0038619169499725103,0.002883869,0.6647385520466814
154,Delta SNV Density,0.0037711644545197487,0.004424231,0.39136556685958657
154,Disinfection Type,0.014012343715876341,NA,NA
154,Initial Breadth,0.015394811518490314,0.067064762,0.08123444026956737
155,Delta Breadth,0.20338931679725647,0.00185673,0.6221598742388557
155,Delta Pi,-0.2958727180957794,-0.01977943,0.36798242830958716
155,Delta SNV Density,0.0372154600918293,-0.998886608,0.3743702276062948
155,Disinfection Type,-0.06944053061306477,NA,NA
155,Initial Breadth,-0.061898123472929,0.002503611,0.0027821509855730955
156,Delta Breadth,0.2721233665943146,6.54276e-4,0.6212938264451684
156,Delta Pi,0.03738880902528763,-0.020535284,0.3580851797602397
156,Delta SNV Density,0.12852811813354492,-0.99009901,0.3745190829793518
156,Disinfection Type,7.766708731651306e-4,NA,NA
156,Initial Breadth,0.15333913266658783,0.001298907,0.0013182398680407412
157,Delta Breadth,5.969544145045802e-5,-0.001103107,0.6200281001306369
157,Delta Pi,0.18070952594280243,-0.006406054,0.5430951170244422
157,Delta SNV Density,0.41265183687210083,-9.420372809,0.231716516075017
157,Disinfection Type,0.03679000213742256,NA,NA
157,Initial Breadth,0.10154957324266434,0.001256146,0.0012662783046220086
158,Delta Breadth,-0.34184688329696655,-0.034236492,0.5961643224088766
158,Delta Pi,-0.022335462272167206,-0.002876306,0.5893140869214887
158,Delta SNV Density,0.02453848160803318,0.0013774,0.3913139558089733
158,Disinfection Type,-0.17445483390474692,NA,NA
158,Initial Breadth,0.06289221346378326,0.09456237,0.11464850219411199
159,Delta Breadth,0.044972069561481476,2.5528e-4,0.6210064561129228
159,Delta Pi,-0.01676376536488533,0.005237382,0.6955557510363282
159,Delta SNV Density,-0.011640160344541073,0.003427458,0.39134868226646247
159,Disinfection Type,-0.04698348883539438,NA,NA
159,Initial Breadth,0.008028913289308548,0.09481765,0.1149587088756567
160,Delta Breadth,0.17201092839241028,0.001816513,0.6221309086034811
160,Delta Pi,0.016153881326317787,0.001261375,0.643493408953141
160,Delta SNV Density,-0.015023700892925262,0,0.3912906236776163
160,Disinfection Type,-0.04242503421846777,NA,NA
160,Initial Breadth,0.03367028757929802,0.005644037,0.006598278876895495
161,Delta Breadth,-0.06873863190412521,-5.42174e-4,0.6204321029341175
161,Delta Pi,-0.03635779395699501,-0.024790645,0.302364940819651
161,Delta SNV Density,-0.07556011527776718,-0.188743347,0.3880934517849415
161,Disinfection Type,-0.11042032390832901,NA,NA
161,Initial Breadth,-0.03783556818962097,0.004027685,0.004634148548909819
162,Delta Breadth,0.08293154090642929,8.68147e-5,0.6208851217405661
162,Delta Pi,0.06261549890041351,0.019487156,0.8821441067902557
162,Delta SNV Density,-0.00915958546102047,-0.341773539,0.3855012341710776
162,Disinfection Type,-0.03325340733863413,NA,NA
162,Initial Breadth,-0.026987841352820396,5.69997e-4,4.3249577432103267e-4
163,Delta Breadth,-0.11715823411941528,-0.005635961,0.6167633862989174
163,Delta Pi,0.00906148087233305,7.40846e-4,0.6366775359272084
163,Delta SNV Density,-0.042893052101135254,0.606501698,0.4015643112672781
163,Disinfection Type,0.009920184500515461,NA,NA
163,Initial Breadth,-0.035364389419555664,0.001884533,0.002029870618927268
164,Delta Breadth,-0.09932059049606323,-0.001652216,0.6196326133694438
164,Delta Pi,0.07570423930883408,-0.005945545,0.5491250805256097
164,Delta SNV Density,-0.0659015104174614,-0.366896599,0.38507566822363265
164,Disinfection Type,-0.18078173487447202,NA,NA
164,Initial Breadth,0.021350717172026634,0.004970939,0.0057803554323076186
165,Delta Breadth,0.0049462285824120045,-4.31641e-4,0.6205117125165046
165,Delta Pi,0.006390207912772894,-0.003322843,0.583467074567939
165,Delta SNV Density,-0.02951875701546669,-0.499118311,0.3828359307816144
165,Disinfection Type,0.2736322460696101,NA,NA
165,Initial Breadth,-0.04043320193886757,4.45172e-4,2.8081311597012146e-4
166,Delta Breadth,-0.09937697649002075,-0.004094126,0.6178738676977732
166,Delta Pi,-0.007036266848444939,6.77476e-4,0.6358477610757528
166,Delta SNV Density,-0.0236459132283926,-0.316459011,0.38593004344401016
166,Disinfection Type,-0.05112017574720085,NA,NA
166,Initial Breadth,-0.0998234823346138,8.76813e-4,8.053270701719693e-4
167,Delta Breadth,0.00941434409469366,-0.001351937,0.6198488843997207
167,Delta Pi,-0.013522806577384472,2.976e-4,0.6308736163468344
167,Delta SNV Density,-0.04824984818696976,0.222410668,0.39505809494303057
167,Disinfection Type,0.19505964079871774,NA,NA
167,Initial Breadth,-0.0047638900578022,0.004378288,0.00506018816489864
168,Delta Breadth,-0.006583026144653559,4.87439e-5,0.6208577018705802
168,Delta Pi,-0.09878034144639969,0.002002675,0.6532000855727412
168,Delta SNV Density,-0.008607863448560238,1.129206019,0.410418533627131
168,Disinfection Type,-0.22982547048013657,NA,NA
168,Initial Breadth,-0.062182649970054626,0.001587034,0.001668360992035718
169,Delta Breadth,0.06904900074005127,-9.67262e-5,0.6207529294142929
169,Delta Pi,-0.04297998547554016,0.002179728,0.6555184401060341
169,Delta SNV Density,-0.03558521345257759,1.579435465,0.41804508551828584
169,Disinfection Type,0.27995234983973205,NA,NA
169,Initial Breadth,-0.08223531395196915,6.07395e-4,4.779404212828382e-4
170,Delta Breadth,-0.046699706465005875,-8.82913e-4,0.6201866912516971
170,Delta Pi,-0.011146790347993374,0.001768678,0.6501360990504741
170,Delta SNV Density,0.06210971623659134,-1.41301107,0.36735526728573065
170,Disinfection Type,-0.05016999098006636,NA,NA
170,Initial Breadth,-0.11563412100076675,7.04121e-4,5.954782287064331e-4
171,Delta Breadth,0.04655223712325096,-1.48897e-4,0.6207153542503075
171,Delta Pi,0.0015252220910042524,0.001050456,0.6407316087023256
171,Delta SNV Density,-0.051301006227731705,-0.325361965,0.385779234026126
171,Disinfection Type,0.20643154298886657,NA,NA
171,Initial Breadth,-0.014814462512731552,0.001170426,0.001162114575610672
172,Delta Breadth,0.06228984519839287,3.61591e-4,0.6210830248689789
172,Delta Pi,-0.04132666811347008,-0.011844051,0.4718892916671566
172,Delta SNV Density,0.04296759516000748,-4.235044997,0.31955211186336185
172,Disinfection Type,-0.1509923585690558,NA,NA
172,Initial Breadth,-0.11605183780193329,6.34211e-4,5.105262187299684e-4
173,Delta Breadth,0.026993991807103157,4.85702e-5,0.6208575767660011
173,Delta Pi,0.028647176921367645,-0.003943949,0.5753342334934841
173,Delta SNV Density,-0.041027866303920746,-0.382848392,0.3848054567166948
173,Disinfection Type,-0.03304296266287565,NA,NA
173,Initial Breadth,-0.04069527983665466,2.92317e-4,9.506945290400067e-5
174,Delta Breadth,-0.06355036795139313,-2.13082e-4,0.6206691260556009
174,Delta Pi,-0.04086475819349289,0.005876508,0.7039245482859958
174,Delta SNV Density,-0.09803519397974014,1.620613109,0.41874260417574277
174,Disinfection Type,-0.25768032809719443,NA,NA
174,Initial Breadth,-0.05261649563908577,3.79945e-4,2.0155171195446048e-4
175,Delta Breadth,0.10427343845367432,1.14151e-4,0.6209048102627902
175,Delta Pi,0.014388702809810638,0.001483714,0.6464047441385251
175,Delta SNV Density,-0.02414638362824917,3.285759319,0.44694894227679366
175,Disinfection Type,-0.029338102089241147,NA,NA
175,Initial Breadth,0.08422137796878815,4.94096e-4,3.402637258412208e-4
176,Delta Breadth,0.08481578528881073,2.05329e-4,0.6209704797235205
176,Delta Pi,0.05028051882982254,-0.005560213,0.5541706668134605
176,Delta SNV Density,0.08915841579437256,-1.936619718,0.35848572629922343
176,Disinfection Type,-0.08270562952384353,NA,NA
176,Initial Breadth,-0.11335854977369308,9.02684e-4,8.367645390619865e-4
177,Delta Breadth,-0.0033991513773798943,4.9743e-5,0.620858421455987
177,Delta Pi,-0.05014711245894432,0.009057302,0.7455742700606679
177,Delta SNV Density,-0.11504010856151581,3.935509589,0.4579552285036764
177,Disinfection Type,-0.26176519342698157,NA,NA
177,Initial Breadth,-0.06665884703397751,0.001299834,0.0013193663236729567
178,Delta Breadth,-0.013782155700027943,-6.44434e-4,0.6203584518444438
178,Delta Pi,-9.045804035849869e-4,0.001537609,0.6471104521331473
178,Delta SNV Density,-0.01356865931302309,0.11196627,0.3931872490001059
178,Disinfection Type,0.2987821795977652,NA,NA
178,Initial Breadth,-0.12209948897361755,7.33431e-4,6.310946414143458e-4
179,Delta Breadth,0.09991416335105896,7.80313e-5,0.6208787956406145
179,Delta Pi,0.11926021426916122,-0.004189756,0.5721156053269738
179,Delta SNV Density,0.07572277635335922,1.211164327,0.41180684639615683
179,Disinfection Type,-0.05877186683937907,NA,NA
179,Initial Breadth,-0.016699794679880142,0.001377865,0.001414186668265626
180,Delta Breadth,0.15413989126682281,-7.8826e-5,0.6207658217400839
180,Delta Pi,0.09591274708509445,0.028487824,1
180,Delta SNV Density,0.10149737447500229,4.52247474,0.4678979815203262
180,Disinfection Type,0.2399899496231228,NA,NA
180,Initial Breadth,0.12948986887931824,0.001176827,0.001169892830736682
181,Delta Breadth,-0.15539923310279846,-0.007091497,0.6157150603409743
181,Delta Pi,0.13544251024723053,-0.006330686,0.5440819952160867
181,Delta SNV Density,0.005976978689432144,1.742598103,0.42080893922989915
181,Disinfection Type,-0.15300466446205974,NA,NA
181,Initial Breadth,0.008056223392486572,0.011036166,0.01315059180211913
182,Delta Breadth,0.21392670273780823,8.88512e-4,0.6214625310866783
182,Delta Pi,-0.13619185984134674,-0.01557333,0.4230576374417877
182,Delta SNV Density,0.06900184601545334,-0.940860215,0.3753531515380872
182,Disinfection Type,-0.021554043516516685,NA,NA
182,Initial Breadth,-0.0202433280646801,0.002375326,0.0026262638649919086
183,Delta Breadth,0.038939617574214935,3.06015e-4,0.621042997165481
183,Delta Pi,0.019968288019299507,0.023599455,0.9359910736809951
183,Delta SNV Density,-0.17037475109100342,2.672246114,0.4365564849743869
183,Disinfection Type,-0.06296932452823967,NA,NA
183,Initial Breadth,-0.04153525084257126,0.001099227,0.0010755962211790554
184,Delta Breadth,-0.1319233626127243,-0.004857445,0.617324099693484
184,Delta Pi,-0.13277818262577057,-0.017020958,0.4041022120249814
184,Delta SNV Density,-0.04329187050461769,-0.53068289,0.38230125029413253
184,Disinfection Type,-0.055699167773127556,NA,NA
184,Initial Breadth,-0.07329771667718887,0.001017176,9.758909233593031e-4
185,Delta Breadth,-0.4253416955471039,-0.014000534,0.6107389396325282
185,Delta Pi,-0.18144699931144714,-0.02236708,0.3340994096198416
185,Delta SNV Density,0.020582765340805054,0.872631754,0.40607235644271505
185,Disinfection Type,-0.06529960036277771,NA,NA
185,Initial Breadth,-0.004179691430181265,0.001070653,0.001040874168066947
186,Delta Breadth,-0.03490860387682915,-0.001505343,0.6197383962414723
186,Delta Pi,0.07847151905298233,-0.004528302,0.5676826408822697
186,Delta SNV Density,-0.011197960935533047,-0.006929095,0.3911732499628454
186,Disinfection Type,0.02327339304611087,NA,NA
186,Initial Breadth,-0.006823825184255838,0.032752839,0.03953987833268157
187,Delta Breadth,-0.24338987469673157,-0.014522826,0.6103627673762418
187,Delta Pi,0.04418182745575905,0.014889719,0.8219446811353457
187,Delta SNV Density,5.015371134504676e-4,0.014298706,0.39153283312049975
187,Disinfection Type,-0.20560570433735847,NA,NA
187,Initial Breadth,0.017918530851602554,0.064836638,0.07852690755211922
188,Delta Breadth,-0.03667539358139038,-0.003380837,0.6183876024142043
188,Delta Pi,0.0210916455835104,0.006761661,0.7155148544101951
188,Delta SNV Density,-0.030742280185222626,0.018921527,0.3916111402693396
188,Disinfection Type,0.023499365895986557,NA,NA
188,Initial Breadth,-0.018995855003595352,0.080578172,0.09765542927165659
189,Delta Breadth,0.36763036251068115,0.28264816,0.8243953014882975
189,Delta Pi,0.07206238806247711,-0.008138388,0.5204117149805485
189,Delta SNV Density,-0.14214099943637848,-0.180094507,0.38823995670070016
189,Disinfection Type,-0.05729297595098615,NA,NA
189,Initial Breadth,-0.04719322547316551,0.543155093,0.6597615543993106
190,Delta Breadth,0.8489647507667542,0.526464464,1
190,Delta Pi,-0.04744793847203255,-0.003549305,0.580501752295407
190,Delta SNV Density,-0.10708481073379517,-0.081298428,0.389913488784908
190,Disinfection Type,-0.041884212754666805,NA,NA
190,Initial Breadth,-0.1574457734823227,0.633269145,0.7692647705990482
191,Delta Breadth,-0.15110905468463898,-0.010994019,0.6129043328055209
191,Delta Pi,0.08284641802310944,0.013051794,0.797878657088295
191,Delta SNV Density,0.015973418951034546,-0.002978485,0.3912401703574007
191,Disinfection Type,-0.05981331318616867,NA,NA
191,Initial Breadth,0.003921814728528261,0.072189964,0.08746239351567517
192,Delta Breadth,-1.8560314178466797,-0.768780872,0.06712076675984438
192,Delta Pi,-0.14105917513370514,-0.012925217,0.4577323663547236
192,Delta SNV Density,-0.07643035799264908,11.53110626,0.5866189857730411
192,Disinfection Type,-0.05271083675324917,NA,NA
192,Initial Breadth,0.05610889196395874,0.140916255,0.17097600471117524
193,Delta Breadth,-2.00380277633667,-0.861973921,0
193,Delta Pi,-0.364307701587677,-0.031297947,0.2171574995946713
193,Delta SNV Density,-0.011148407123982906,1.057416608,0.40920247440867874
193,Disinfection Type,-0.08742319326847792,NA,NA
193,Initial Breadth,-0.12818454205989838,0.039307311,0.047504626877016544
194,Delta Breadth,0.11638092994689941,0.127084485,0.7123531131703766
194,Delta Pi,-0.045108601450920105,0.01435777,0.8149792731748442
194,Delta SNV Density,-0.04912187159061432,0.02200537,0.3916633782756997
194,Disinfection Type,-0.10228891996666789,NA,NA
194,Initial Breadth,0.024148892611265182,0.18986929,0.2304618968252966
195,Delta Breadth,-0.6264193654060364,-0.140682499,0.5194983297728404
195,Delta Pi,-0.21118243038654327,-0.015706293,0.4213166029842511
195,Delta SNV Density,0.028762303292751312,-0.006695596,0.39117720526220634
195,Disinfection Type,-0.05475741531699896,NA,NA
195,Initial Breadth,0.05808018520474434,0.04918679,0.059509799221034186
196,Delta Breadth,0.418688029050827,0.339018974,0.864995456748338
196,Delta Pi,-0.029664818197488785,-0.00352939,0.5807625218419865
196,Delta SNV Density,0.1313238888978958,-3.729814195,0.3281103458098434
196,Disinfection Type,0.12939734291285276,NA,NA
196,Initial Breadth,-0.09643588215112686,0.792669141,0.9629616673297079
197,Delta Breadth,-0.09531282633543015,-0.001802708,0.6195242239719553
197,Delta Pi,0.1615699678659439,-0.005072229,0.560560391464127
197,Delta SNV Density,0.06973043829202652,1.307781807,0.4134434746339568
197,Disinfection Type,-0.1479554958641529,NA,NA
197,Initial Breadth,0.01088005118072033,0.008568306,0.010151740888937638
198,Delta Breadth,-0.026830803602933884,-0.001828022,0.6195059919781748
198,Delta Pi,-0.14838093519210815,-0.027683937,0.2644798068521935
198,Delta SNV Density,0.1138094812631607,-4.233212244,0.3195831573358034
198,Disinfection Type,-0.043363336473703384,NA,NA
198,Initial Breadth,0.02791532315313816,0.001621972,0.0017108163392615472
199,Delta Breadth,0.15254148840904236,0.010899262,0.6286726097679877
199,Delta Pi,0.08578377217054367,-0.007487892,0.5289293924584163
199,Delta SNV Density,-0.06880982220172882,0.553706484,0.40066999961629024
199,Disinfection Type,-0.0930293477140367,NA,NA
199,Initial Breadth,-0.02538788691163063,0.016532048,0.0198289814816138
200,Delta Breadth,-0.18420982360839844,-0.006199751,0.6163573257879931
200,Delta Pi,-0.14658977091312408,-0.036834911,0.14465578773392956
200,Delta SNV Density,0.03640013188123703,-0.964866107,0.374946509585505
200,Disinfection Type,-0.029101483523845673,NA,NA
200,Initial Breadth,0.010725962929427624,0.001342212,0.0013708624798563728
201,Delta Breadth,-0.4854206144809723,-0.012313694,0.6119538585070161
201,Delta Pi,-0.23389413952827454,-0.04788229,0
201,Delta SNV Density,-0.041789330542087555,-7.077907944,0.271396128336827
201,Disinfection Type,-0.04017326980829239,NA,NA
201,Initial Breadth,0.00786038301885128,6.70827e-4,5.550206086212319e-4
202,Delta Breadth,0.05897128954529762,4.12721e-4,0.6211198504138158
202,Delta Pi,0.11035262048244476,-0.004547534,0.5674308146246843
202,Delta SNV Density,-0.02198302373290062,0.592888522,0.40133371419263136
202,Disinfection Type,-0.13356801308691502,NA,NA
202,Initial Breadth,0.009969893842935562,0.004186333,0.004826931648305417
203,Delta Breadth,-0.06429882347583771,-0.001356901,0.619845309160046
203,Delta Pi,0.06634268909692764,-0.017600387,0.39651509489693837
203,Delta SNV Density,0.057570088654756546,2.907533862,0.44054208439578724
203,Disinfection Type,-0.1217189198359847,NA,NA
203,Initial Breadth,0.003870258806273341,5.09019e-4,3.583975957436494e-4
204,Delta Breadth,0.2658272683620453,0.002677456,0.6227509886943956
204,Delta Pi,-0.15470880270004272,-0.025842958,0.2885858203642331
204,Delta SNV Density,0.22098183631896973,-17.49081701,0.0950091948848427
204,Disinfection Type,-0.05240940349176526,NA,NA
204,Initial Breadth,-0.04601158946752548,0.003353918,0.003815412160613257
205,Delta Breadth,-0.02954544872045517,-4.99797e-4,0.6204626242741048
205,Delta Pi,-0.024641938507556915,0.005227466,0.6954259096693243
205,Delta SNV Density,-0.171279177069664,8.160604242,0.5295251888925965
205,Disinfection Type,-0.06748834362952039,NA,NA
205,Initial Breadth,-0.033458609133958817,0.001746938,0.0018626703355241545
206,Delta Breadth,-0.03691450133919716,-0.00387469,0.6180319128817516
206,Delta Pi,-0.004480504896491766,-0.021993808,0.3389870807316066
206,Delta SNV Density,0.18805740773677826,-10.48763522,0.21363788476539242
206,Disinfection Type,-0.05061144754290581,NA,NA
206,Initial Breadth,-0.0033796667121350765,0.002191402,0.0024027663183904023
207,Delta Breadth,0.2381836622953415,0.001682384,0.6220343043886675
207,Delta Pi,0.06257116049528122,-0.006175504,0.546113968089664
207,Delta SNV Density,0.2754567265510559,-11.5148048,0.1962383961879933
207,Disinfection Type,0.0462694033049047,NA,NA
207,Initial Breadth,-0.028978655114769936,0.002582705,0.0028782630478972043
208,Delta Breadth,-0.0800514742732048,-1.49903e-4,0.6207146296952889
208,Delta Pi,-0.008477112278342247,-0.003690479,0.5786532019580329
208,Delta SNV Density,0.002992904745042324,-1.044403045,0.37359921302303056
208,Disinfection Type,-0.2095887118484825,NA,NA
208,Initial Breadth,-0.12240563333034515,7.29804e-4,6.266872470475222e-4
209,Delta Breadth,-0.037383053451776505,-3.67615e-4,0.6205578261940662
209,Delta Pi,-0.046906810253858566,-0.008427257,0.5166292275012186
209,Delta SNV Density,0.037545304745435715,-3.272964686,0.33584903664357696
209,Disinfection Type,-0.08071601903066039,NA,NA
209,Initial Breadth,-0.09880104660987854,3.6218999999999e-4,1.799765018681641e-4
210,Delta Breadth,0.037068672478199005,2.70151e-4,0.6210171667070411
210,Delta Pi,-0.06767318397760391,0.003208042,0.6689833145986923
210,Delta SNV Density,-0.148587167263031,13.69511605,0.6232757018164473
210,Disinfection Type,0.15377261547837406,NA,NA
210,Initial Breadth,-0.029250580817461014,5.79721e-4,4.44312014415599e-4
211,Delta Breadth,-0.1375628113746643,-0.008057562,0.6150192678517743
211,Delta Pi,0.022427953779697418,-0.002073145,0.5998307793543427
211,Delta SNV Density,0.005908602382987738,-0.008095799,0.3911534868649924
211,Disinfection Type,0.00634051812812686,NA,NA
211,Initial Breadth,0.032880425453186035,0.094835356,0.11498022454278077
212,Delta Breadth,0.3444310426712036,0.059916629,0.6639765652978544
212,Delta Pi,0.029344310984015465,-0.001413731,0.6084652302600988
212,Delta SNV Density,0.06174914538860321,1.062029751,0.40928061761939805
212,Disinfection Type,-0.034718980081379414,NA,NA
212,Initial Breadth,0.023349927738308907,0.071888681,0.08709628571390518
213,Delta Breadth,-0.2505180537700653,-0.01334002,0.6112146640198225
213,Delta Pi,0.037211161106824875,4.24906e-4,0.6325405773258372
213,Delta SNV Density,-0.012256410904228687,0.019101162,0.3916141831526097
213,Disinfection Type,-0.0317933801561594,NA,NA
213,Initial Breadth,0.011945957317948341,0.064476453,0.07808922424911002
214,Delta Breadth,-0.08809638768434525,-5.57052e-4,0.6204213872983639
214,Delta Pi,-0.036018744111061096,-4.72544e-4,0.6207892527173653
214,Delta SNV Density,-0.014023144729435444,0.042478988,0.39201018613436805
214,Disinfection Type,-0.18014320638030767,NA,NA
214,Initial Breadth,0.028809066861867905,0.081813858,0.09915698855358732
215,Delta Breadth,-0.06979940831661224,-0.010654235,0.6131490566648371
215,Delta Pi,0.06916746497154236,0.001176101,0.6423768203357664
215,Delta SNV Density,0.002165336860343814,0.074510726,0.392552779947792
215,Disinfection Type,0.3628384214825928,NA,NA
215,Initial Breadth,0.06358697265386581,0.108161284,0.13117339245011375
216,Delta Breadth,0.1623651683330536,0.037001661,0.6474724350119433
216,Delta Pi,-0.061428673565387726,-7.15736e-4,0.6176048656939284
216,Delta SNV Density,-0.046094466000795364,-0.056357249,0.39033597380351354
216,Disinfection Type,-0.06180432764813304,NA,NA
216,Initial Breadth,3.0463383882306516e-4,0.118815519,0.14412001922756473
217,Delta Breadth,-0.0348210483789444,-6.13172e-4,0.6203809677877783
217,Delta Pi,-0.0021841495763510466,0.004797563,0.6897967050304521
217,Delta SNV Density,-0.0307404063642025,0.133352651,0.393549518384993
217,Disinfection Type,0.02496068086475134,NA,NA
217,Initial Breadth,-0.0038173943758010864,0.01811167,0.02174847889118386
218,Delta Breadth,0.16172964870929718,0.002217162,0.6224194694818956
218,Delta Pi,-0.039489712566137314,0.00410149,0.6806822365094283
218,Delta SNV Density,-0.030813898891210556,0.029789437,0.39179523458014
218,Disinfection Type,0.04157393332570791,NA,NA
218,Initial Breadth,0.011925626546144485,0.016040098,0.019231182292543253
219,Delta Breadth,-0.27767011523246765,-0.035635012,0.59515706129084
219,Delta Pi,0.07759703695774078,0.006162053,0.7076635108859468
219,Delta SNV Density,0.022041572257876396,0,0.3912906236776163
219,Disinfection Type,-0.2356002579908818,NA,NA
219,Initial Breadth,-0.053230609744787216,0.002792973,0.0031337728352485313
220,Delta Breadth,-0.118245430290699,-0.007745335,0.6152441442333071
220,Delta Pi,0.016818160191178322,-0.001190172,0.6113925402808748
220,Delta SNV Density,0.0067602419294416904,0.006293641,0.3913972332743391
220,Disinfection Type,0.007405405398458242,NA,NA
220,Initial Breadth,0.016487158834934235,0.048573432,0.05876446958385575
221,Delta Breadth,0.2847704589366913,0.037596814,0.6479010842097973
221,Delta Pi,-0.027996091172099113,0.001465811,0.6461703199762148
221,Delta SNV Density,-0.016576480120420456,0.511960506,0.399962853803655
221,Disinfection Type,-0.08762202132493258,NA,NA
221,Initial Breadth,0.005024741403758526,0.044007577,0.05321621383344678
222,Delta Breadth,0.16290442645549774,0.005146867,0.6245295415107671
222,Delta Pi,-0.009450491517782211,3.56368e-4,0.6316431320241319
222,Delta SNV Density,1.7529295291751623e-5,-0.016294695,0.39101460366588203
222,Disinfection Type,-0.04302163142710924,NA,NA
222,Initial Breadth,-0.012275895103812218,0.035455528,0.04282408463923688
223,Delta Breadth,-0.09775381535291672,-0.006393623,0.6162176926561994
223,Delta Pi,0.0011492386693134904,-8.40624e-4,0.615969566314907
223,Delta SNV Density,-0.015188490971922874,0.043472072,0.3920270082385764
223,Disinfection Type,-0.015249092131853104,NA,NA
223,Initial Breadth,-0.007231418043375015,0.034634757,0.04182671450362834
224,Delta Breadth,0.1513620913028717,0.003863135,0.6236049545691579
224,Delta Pi,-0.036923687905073166,-5.30932e-4,0.6200247128084685
224,Delta SNV Density,-0.02015972137451172,0.109676207,0.39314845703645557
224,Disinfection Type,-0.12188825057819486,NA,NA
224,Initial Breadth,0.008486566133797169,0.048785269,0.059021885961160626
225,Delta Breadth,0.025862451642751694,-0.005366407,0.6169575281513122
225,Delta Pi,0.004928783513605595,1.85679e-4,0.6294081085174235
225,Delta SNV Density,-0.007744807284325361,0.038065894,0.39193543160489297
225,Disinfection Type,0.3575451164506376,NA,NA
225,Initial Breadth,0.03650754317641258,0.060034194,0.07269115772234648
226,Delta Breadth,0.08547443896532059,0.016615332,0.6327895155390708
226,Delta Pi,3.6348437424749136e-4,0.001277898,0.6437097632196804
226,Delta SNV Density,-0.02675427682697773,0.002389896,0.39133110673802113
226,Disinfection Type,-0.06725308857858181,NA,NA
226,Initial Breadth,-0.012042156420648098,0.065400601,0.07921221423789174
227,Delta Breadth,0.13744822144508362,0.014230626,0.6310719701112267
227,Delta Pi,0.017641548067331314,-0.001717527,0.6044872867415124
227,Delta SNV Density,-0.059734225273132324,-0.055801307,0.3903453910474303
227,Disinfection Type,0.020716332364827394,NA,NA
227,Initial Breadth,-0.011879093945026398,0.037962714,0.04587072303266918
228,Delta Breadth,0.00240547233261168,-0.002052507,0.6193443103346642
228,Delta Pi,0.00640822621062398,5.8877e-4,0.6346862334132434
228,Delta SNV Density,0.11741044372320175,-0.856633346,0.37677989204287865
228,Disinfection Type,0.27181085338816047,NA,NA
228,Initial Breadth,0.012259277515113354,0.009200269,0.010919678624322512
229,Delta Breadth,-0.05797502025961876,-0.00522567,0.6170588916698669
229,Delta Pi,-0.005665107164531946,0.002191419,0.6556715235491203
229,Delta SNV Density,-0.025222210213541985,0.021244052,0.3916504821151215
229,Disinfection Type,0.014194840099662542,NA,NA
229,Initial Breadth,0.014536227099597454,0.060754293,0.07356619501932891
230,Delta Breadth,0.24469447135925293,0.043771517,0.6523483128853428
230,Delta Pi,-0.14447933435440063,0.001840931,0.6510821890353601
230,Delta SNV Density,-0.23508583009243011,4.886001825,0.47405585991371935
230,Disinfection Type,-0.09631167352199554,NA,NA
230,Initial Breadth,-0.004974997136741877,0.047917491,0.057967394682182566
231,Delta Breadth,-0.16029204428195953,-0.007624748,0.6153309950444793
231,Delta Pi,0.027914533391594887,-0.003950617,0.5752469218521791
231,Delta SNV Density,-0.0021118316799402237,0,0.3912906236776163
231,Disinfection Type,-0.030866685323417187,NA,NA
231,Initial Breadth,-0.02537626400589943,0.038705439,0.046773254596247635
232,Delta Breadth,-0.18174508213996887,-0.005749298,0.6166817571814682
232,Delta Pi,0.05746808648109436,-0.00653004,0.5414716285483088
232,Delta SNV Density,-0.06182737648487091,-0.035327321,0.39069220513974484
232,Disinfection Type,-0.187798285856843,NA,NA
232,Initial Breadth,0.012293552979826927,0.051581688,0.06241998944830661
233,Delta Breadth,-0.008858922868967056,-0.007494192,0.6154250258645795
233,Delta Pi,0.06446777284145355,0.024296967,0.9451243846513048
233,Delta SNV Density,-0.020908048376441002,0.023123593,0.39168232014147764
233,Disinfection Type,0.35056751128286123,NA,NA
233,Initial Breadth,0.009053722955286503,0.068548444,0.08303735498943435
234,Delta Breadth,0.23454460501670837,0.024460948,0.6384401919282864
234,Delta Pi,-0.03472396358847618,-0.018400723,0.3860353933739054
234,Delta SNV Density,-0.027481622993946075,0.009854135,0.3914575453940603
234,Disinfection Type,-0.05006080190651119,NA,NA
234,Initial Breadth,-0.005568870343267918,0.076042636,0.09214401603291227
235,Delta Breadth,0.02849447913467884,-0.003888465,0.6180219916636776
235,Delta Pi,0.12115584313869476,0.008633327,0.7400226874088469
235,Delta SNV Density,0.2377987653017044,-2.099022244,0.35573474831944546
235,Disinfection Type,0.2936709080822766,NA,NA
235,Initial Breadth,0.05908523127436638,0.005908689,0.006919874061336795
236,Delta Breadth,0.08068272471427917,-9.88884e-5,0.6207513721251663
236,Delta Pi,0.099027119576931,0.006185598,0.7079718121148805
236,Delta SNV Density,0.09646454453468323,-1.487297332,0.366096913268737
236,Disinfection Type,0.037074850872159004,NA,NA
236,Initial Breadth,-0.034211091697216034,2.97729e-4,1.0164591232314853e-4
237,Delta Breadth,-0.03790760040283203,-2.6512e-4,0.6206316465386398
237,Delta Pi,-0.01939120516180992,-0.010978329,0.4832251658024237
237,Delta SNV Density,0.05282827839255333,-3.311258278,0.3352003716815639
237,Disinfection Type,0.017964402213692665,NA,NA
237,Initial Breadth,-0.08781441301107407,2.14081e-4,0
238,Delta Breadth,0.09389103204011917,1.03851e-4,0.6208973918565353
238,Delta Pi,-0.009333064779639244,0.005858684,0.7036911585597476
238,Delta SNV Density,-0.038483504205942154,3.344481605,0.4479436541183337
238,Disinfection Type,-0.039701520989183336,NA,NA
238,Initial Breadth,0.08561965823173523,4.21782e-4,2.523904652284606e-4
239,Delta Breadth,0.06018614396452904,-7.79766e-5,0.6207664335065182
239,Delta Pi,0.011054915376007557,-0.008822091,0.5114592208150953
239,Delta SNV Density,0.058518558740615845,-3.75168691,0.3277398382887784
239,Disinfection Type,-0.005854599177837372,NA,NA
239,Initial Breadth,-0.06323060393333435,3.36717e-4,1.4902266765088996e-4
240,Delta Breadth,0.016398310661315918,4.3596e-5,0.6208539941799434
240,Delta Pi,0.035645317286252975,-0.003119084,0.586135120866783
240,Delta SNV Density,0.024315720424056053,-1.428713567,0.3670892786675824
240,Disinfection Type,-0.18980517971795052,NA,NA
240,Initial Breadth,-0.07493379712104797,5.14645e-4,3.652340999365773e-4
241,Delta Breadth,0.06664782762527466,9.92429e-6,0.6208297426824597
241,Delta Pi,0.06919703632593155,0.005779671,0.7026565522738384
241,Delta SNV Density,-0.056070610880851746,7.873369966,0.5246596539297138
241,Disinfection Type,0.2920105689554475,NA,NA
241,Initial Breadth,0.039076417684555054,3.88465e-4,2.1190489640589058e-4
242,Delta Breadth,-6.801305571570992e-4,-1.36105e-4,0.6207245674787361
242,Delta Pi,-0.009933517314493656,-0.004165396,0.5724345782697142
242,Delta SNV Density,0.13479655981063843,-13.51874207,0.1622931895560082
242,Disinfection Type,-0.09549008694011718,NA,NA
242,Initial Breadth,-0.0929398313164711,3.78541e-4,1.998456238124642e-4
243,Delta Breadth,-0.01935047283768654,-2.8426e-4,0.6206178612672105
243,Delta Pi,0.1060723215341568,-0.007366537,0.5305184302854387
243,Delta SNV Density,0.052926018834114075,-5.017921147,0.3062907722611482
243,Disinfection Type,0.03149524540640414,NA,NA
243,Initial Breadth,-0.09546725451946259,4.94442e-4,3.406841720642484e-4
