Model,Fold,Site,Pathogen,Disinfection_Type,breadth_inf,Observed_LRV,Predicted_LRV
Full model (243),1,BXH_O3_Cl,Achromobacter_xylosoxidans,O3_Cl,0.020239584,0.0471637860828301,0.4460503160953522
Full model (243),1,JXQ_Cl,Acinetobacter_lwoffii,Cl,0.021740591,0.329818647639967,0.27901193499565125
Full model (243),1,HBZZ_East_Cl,Acinetobacter_lwoffii,Cl,0.023183293,0.537910926477916,0.32179978489875793
Full model (243),1,SZFX_UV,Aeromonas_caviae,UV,0.179762066,-0.0405753498207999,-0.05982964485883713
Full model (243),1,JXQ_O3,Aeromonas_caviae,O3,0.237731295,0.348112815172126,0.04987465217709541
Full model (243),1,GBD_O3,Aeromonas_hydrophila,O3,0.1019225,0.00415411135535741,0.14787337183952332
Full model (243),1,SZSG_UV,Bordetella_hinzii,UV,0.002419571,0.37967897793781,0.20349907875061035
Full model (243),1,SZSG_UV_Cl,Cupriavidus_metallidurans,UV_Cl,0.004531303,0.211038989250916,0.06396900117397308
Full model (243),1,JXQ_O3,Cupriavidus_metallidurans,O3,0.002609582,0.392823379360403,0.3032792806625366
Full model (243),1,HBZZ_East_O3,Enterobacter_spp.,O3,0.001860889,0.213948146570221,0.8348563313484192
Full model (243),1,SZSG_UV_Cl,Klebsiella_pneumoniae,UV_Cl,0.008007994,-1.44347450014183,-1.8658370971679688
Full model (243),1,SZFX_UV,Klebsiella_pneumoniae,UV,0.084681579,0.0078761321823443,0.03826858848333359
Full model (243),1,SZBH_UV_Cl,Klebsiella_pneumoniae,UV_Cl,0.372522888,0.929622174503541,1.3051968812942505
Full model (243),1,SZSG_UV,Laribacter_hongkongensis,UV,0.067064762,0.422990507368227,0.06737742573022842
Full model (243),1,GBD_UF,Mycobacterium_kansasii,UF,4.45172e-4,0.410567281808436,0.33722391724586487
Full model (243),1,GBD_UV_Cl,Mycobacterium_xenopi,UV_Cl,0.001587034,-0.305412692790709,-0.10131502896547318
Full model (243),1,HBZZ_Song_O3,Nocardia_farcinica,O3,9.02684e-4,0.123097775045624,0.5600733757019043
Full model (243),1,HBZZ_East_Cl,Pseudomonas_aeruginosa,Cl,0.001070653,-0.522286858392424,-0.3555230498313904
Full model (243),1,SZSG_UV_Cl,Pseudomonas_alcaligenes,UV_Cl,0.064836638,-0.22872194074083,-0.2634250223636627
Full model (243),1,HBZZ_West_Cl,Pseudomonas_alcaligenes,Cl,0.633269145,0.451722081148986,1.0469614267349243
Full model (243),1,HBZZ_Song_O3,Pseudomonas_alcaligenes,O3,0.072189964,0.0442406600577544,0.022591792047023773
Full model (243),1,BXH_O3_Cl,Pseudomonas_alcaligenes,O3_Cl,0.792669141,0.610321634176971,1.3936506509780884
Full model (243),1,HBZZ_Song_O3,Ralstonia_solanacearum,O3,0.001746938,-0.234272968548807,0.12450259923934937
Full model (243),1,SZFX_UV,Shigella_boydii,UV,0.094835356,0.0670886259685748,0.04145994037389755
Full model (243),1,GBD_UF,Shigella_dysenteriae,UF,0.060034194,0.740142805405214,0.5152536034584045
Full model (243),1,SZBH_UV_Cl,Shigella_sonnei,UV_Cl,0.047917491,-0.270522840517999,0.5042427182197571
Full model (243),1,CZSC_UV,Staphylococcus_aureus,UV,4.94442e-4,0.273266927064757,0.27719396352767944
Full model (243),2,HBZZ_East_O3,Acinetobacter_lwoffii,O3,0.004767721,0.0478598103573263,0.137743279337883
Full model (243),2,JXQ_Cl,Aeromonas_hydrophila,Cl,0.060086653,0.128136451167224,0.11487068980932236
Full model (243),2,HBZZ_Song_O3,Aeromonas_hydrophila,O3,0.142503617,0.231424814561308,0.3325999975204468
Full model (243),2,GBD_UV_Cl,Aeromonas_hydrophila,UV_Cl,0.092475879,-0.329458945750232,-0.3641127943992615
Full model (243),2,BXH_O3_Cl,Aeromonas_hydrophila,O3_Cl,0.133760134,0.34206556043514,0.3539237380027771
Full model (243),2,SZSG_UV,Bacteroides_fragilis,UV,0.010194212,0.494025482786542,0.32508549094200134
Full model (243),2,WFSW_UV,Bordetella_hinzii,UV,0.002915246,-0.17313508164799,0.020801912993192673
Full model (243),2,GBD_UF,Cupriavidus_metallidurans,UF,0.002236019,0.512651860764269,0.3435039222240448
Full model (243),2,CZSC_UV,Cupriavidus_metallidurans,UV,0.001780874,0.278083169435286,0.29359352588653564
Full model (243),2,BXH_O3_Cl,Cupriavidus_metallidurans,O3_Cl,0.004096301,0.079793818691315,0.27364569902420044
Full model (243),2,SZFX_UV,Enterobacter_spp.,UV,0.012237562,0.0100476764650973,0.10330246388912201
Full model (243),2,SZBH_UV_Cl,Enterobacter_spp.,UV_Cl,0.031170094,1.25133331239219,0.36669161915779114
Full model (243),2,SZSG_UV,Escherichia_coli,UV,0.022704784,0.447302593727804,0.29062509536743164
Full model (243),2,SZBH_UV_Cl,Escherichia_coli,UV_Cl,0.060191631,0.608014596993445,0.41286569833755493
Full model (243),2,JXQ_Cl,Escherichia_coli,Cl,0.049152146,0.0673672921948384,0.04299366846680641
Full model (243),2,HBZZ_Song_O3,Legionella_longbeachae,O3,0.005644037,0.360911821537575,0.23673053085803986
Full model (243),2,GBD_O3,Mycobacterium_xenopi,O3,7.04121e-4,-0.0681699512453105,0.06813071668148041
Full model (243),2,GBD_O3,Nocardia_brasiliensis,O3,4.94096e-4,0.634061534859818,0.050393059849739075
Full model (243),2,SZSG_UV,Pseudomonas_alcaligenes,UV,0.032752839,0.39233670528951,0.14370110630989075
Full model (243),2,HBZZ_East_O3,Pseudomonas_mendocina,O3,0.001342212,-0.130020109213719,0.18540726602077484
Full model (243),2,HBZZ_East_Cl,Pseudomonas_mendocina,Cl,6.70827e-4,-0.558302069070008,-0.5733663439750671
Full model (243),2,HBZZ_East_Cl,Ralstonia_solanacearum,Cl,0.002582705,0.744779476582546,0.7225743532180786
Full model (243),2,GBD_UV_Cl,Ralstonia_solanacearum,UV_Cl,7.29804e-4,-0.26980147477143,-0.1538936346769333
Full model (243),2,GBD_UV_Cl,Shigella_boydii,UV_Cl,0.081813858,-0.084141314866973,-0.18105696141719818
Full model (243),2,GBD_UF,Shigella_boydii,UF,0.108161284,0.668632569324507,0.5084470510482788
Full model (243),2,JXQ_O3,Shigella_dysenteriae,O3,0.035455528,0.511154928515913,0.12768037617206573
Full model (243),3,SZSG_UV,Achromobacter_xylosoxidans,UV,0.007879345,0.406940347092864,0.321991503238678
Full model (243),3,HBZZ_East_O3,Achromobacter_xylosoxidans,O3,0.017236383,0.546610350071632,0.5363256931304932
Full model (243),3,BXH_O3_Cl,Acinetobacter_lwoffii,O3_Cl,0.021537365,0.562951643168824,0.6737400889396667
Full model (243),3,SZBH_UV_Cl,Aeromonas_caviae,UV_Cl,0.507034238,1.30224922365922,0.8003982305526733
Full model (243),3,WFSW_UV,Aliarcobacter_cryaerophilus,UV,0.34821044,0.316389441500077,0.5670369267463684
Full model (243),3,CZSC_UV,Aliarcobacter_cryaerophilus,UV,0.629210659,0.436096660988315,0.5711389183998108
Full model (243),3,JXQ_Cl,Bacteroides_fragilis,Cl,0.055659423,-0.0517881507938518,-0.061755262315273285
Full model (243),3,CZSC_UV,Bacteroides_fragilis,UV,0.057729363,0.296175478281209,0.26321959495544434
Full model (243),3,GBD_O3,Chryseobacterium_gleum,O3,0.158709384,0.309771527390528,0.23225316405296326
Full model (243),3,JXQ_Cl,Cupriavidus_metallidurans,Cl,0.001897377,0.174115265007814,0.24891096353530884
Full model (243),3,WFSW_UV,Enterobacter_spp.,UV,0.010248315,0.132992497841262,0.033510997891426086
Full model (243),3,GBD_UV_Cl,Enterobacter_spp.,UV_Cl,0.020948223,-0.159175729179347,0.1798781305551529
Full model (243),3,GBD_UF,Enterobacter_spp.,UF,0.029653392,0.551378876376469,0.4838094413280487
Full model (243),3,WFSW_UV,Escherichia_coli,UV,0.027647997,0.162506153547683,0.17291492223739624
Full model (243),3,JXQ_O3,Klebsiella_pneumoniae,O3,0.058895642,0.383120332188626,0.1602194458246231
Full model (243),3,JXQ_Cl,Klebsiella_pneumoniae,Cl,0.040364309,1.66057243015734e-4,-0.06993135809898376
Full model (243),3,HBZZ_West_Cl,Laribacter_hongkongensis,Cl,0.002503611,-0.322703333684996,0.6276819705963135
Full model (243),3,GBD_O3,Laribacter_hongkongensis,O3,0.09481765,-0.0340352310214161,0.27715539932250977
Full model (243),3,GBD_UF,Mycobacterium_xenopi,UF,6.07395e-4,0.383608934525472,0.3265524208545685
Full model (243),3,GBD_O3,Pseudomonas_alcaligenes,O3,0.04918679,-0.481233201630694,-1.8364413976669312
Full model (243),3,GBD_O3,Ralstonia_solanacearum,O3,3.6218999999999e-4,-0.15331275642363,0.1064409464597702
Full model (243),3,SZSG_UV_Cl,Shigella_dysenteriae,UV_Cl,0.002792973,-0.101715338284548,-0.5871622562408447
Full model (243),3,GBD_UV_Cl,Shigella_dysenteriae,UV_Cl,0.048785269,0.106053905698287,0.21589095890522003
Full model (243),3,BXH_O3_Cl,Shigella_dysenteriae,O3_Cl,0.009200269,0.638098176800427,0.5064084529876709
Full model (243),3,GBD_UV_Cl,Staphylococcus_aureus,UV_Cl,5.14645e-4,-0.015122176074761,-0.11266595125198364
Full model (243),3,GBD_O3,Staphylococcus_aureus,O3,3.78541e-4,0.116184088654691,0.2838292419910431
Full model (243),4,CZSC_UV,Acinetobacter_lwoffii,UV,0.321161441,-1.25533069835019,-1.120129108428955
Full model (243),4,JXQ_Cl,Aeromonas_caviae,Cl,0.283860719,0.241404013962203,0.3470879793167114
Full model (243),4,CZSC_UV,Aeromonas_caviae,UV,0.225163645,0.399019294723587,0.6587316393852234
Full model (243),4,SZSG_UV,Aeromonas_hydrophila,UV,0.28035253,0.487435669347986,0.4761989116668701
Full model (243),4,JXQ_O3,Aliarcobacter_cryaerophilus,O3,0.278074694,0.430593407949759,0.23599673807621002
Full model (243),4,GBD_UF,Aliarcobacter_cryaerophilus,UF,0.447176452,0.482102792054348,0.4005697965621948
Full model (243),4,GBD_O3,Aliarcobacter_cryaerophilus,O3,0.493465001,0.272091194573098,0.39086389541625977
Full model (243),4,GBD_UV_Cl,Bacteroides_fragilis,UV_Cl,0.034522006,-0.0529174389877858,0.5296010375022888
Full model (243),4,HBZZ_West_Cl,Bordetella_hinzii,Cl,0.005523353,0.394962939090468,0.49536412954330444
Full model (243),4,GBD_O3,Bordetella_hinzii,O3,0.003248809,-0.0691564958033926,0.018911316990852356
Full model (243),4,WFSW_UV,Cupriavidus_metallidurans,UV,0.002365128,-0.210913504779847,0.21255278587341309
Full model (243),4,GBD_UV_Cl,Cupriavidus_metallidurans,UV_Cl,0.003094722,-0.247249538255513,-0.3210236132144928
Full model (243),4,SZSG_UV_Cl,Enterobacter_spp.,UV_Cl,0.00321099,-1.51055246347125,-0.021064642816781998
Full model (243),4,HBZZ_East_Cl,Enterobacter_spp.,Cl,0.001452421,0.112480090841042,0.49448341131210327
Full model (243),4,HBZZ_Song_O3,Klebsiella_pneumoniae,O3,0.016478299,0.0256076627031804,0.3139074444770813
Full model (243),4,GBD_UF,Klebsiella_pneumoniae,UF,0.131845397,0.554828161082353,0.6130626797676086
Full model (243),4,BXH_O3_Cl,Klebsiella_pneumoniae,O3_Cl,0.022022511,0.714894662814804,0.09683195501565933
Full model (243),4,HBZZ_East_Cl,Pseudomonas_alcaligenes,Cl,0.039307311,-2.73555926285608,-1.1322216987609863
Full model (243),4,HBZZ_Song_O3,Pseudomonas_mendocina,O3,0.016532048,0.0788255307257662,0.37990522384643555
Full model (243),4,BXH_O3_Cl,Ralstonia_solanacearum,O3_Cl,5.79721e-4,0.0746195737814501,0.2605511546134949
Full model (243),4,SZBH_UV_Cl,Shigella_dysenteriae,UV_Cl,0.044007577,0.503907222862706,0.11788936704397202
Full model (243),4,CZSC_UV,Shigella_dysenteriae,UV,0.037962714,0.276145259428194,0.3673514425754547
Full model (243),4,GBD_UV_Cl,Shigella_sonnei,UV_Cl,0.051581688,-0.400020431569873,0.12655487656593323
Full model (243),4,JXQ_O3,Staphylococcus_aureus,O3,4.21782e-4,0.232435598187044,0.2120467871427536
Full model (243),5,SZSG_UV_Cl,Achromobacter_xylosoxidans,UV_Cl,0.004840212,-0.00510671703628393,-0.3322335481643677
Full model (243),5,HBZZ_Song_O3,Achromobacter_xylosoxidans,O3,0.008061611,-0.182096634665403,-0.13258852064609528
Full model (243),5,HBZZ_East_Cl,Achromobacter_xylosoxidans,Cl,0.015625104,0.779731744640804,0.6003212332725525
Full model (243),5,WFSW_UV,Acinetobacter_lwoffii,UV,0.016460413,-0.174125990081965,-0.013275230303406715
Full model (243),5,SZSG_UV_Cl,Acinetobacter_lwoffii,UV_Cl,0.041997947,0.202694398030814,0.39947959780693054
Full model (243),5,HBZZ_West_Cl,Acinetobacter_lwoffii,Cl,0.004858704,-0.498096342939259,-0.015130508691072464
Full model (243),5,SZSG_UV,Aeromonas_caviae,UV,0.186188167,0.390873266145242,0.08856996893882751
Full model (243),5,GBD_UF,Aeromonas_caviae,UF,0.536933238,0.496983861064114,0.43481799960136414
Full model (243),5,BXH_O3_Cl,Aeromonas_caviae,O3_Cl,0.169730318,0.337188631562389,0.3344321548938751
Full model (243),5,CZSC_UV,Aeromonas_hydrophila,UV,0.036174704,0.320137734508018,0.12507642805576324
Full model (243),5,GBD_UV_Cl,Aliarcobacter_cryaerophilus,UV_Cl,0.391549276,0.169554209855244,0.5548421144485474
Full model (243),5,BXH_O3_Cl,Aliarcobacter_cryaerophilus,O3_Cl,0.144519385,1.04352594598683,0.5717741250991821
Full model (243),5,GBD_O3,Bacteroides_fragilis,O3,0.047745006,0.104191708330086,0.2209402471780777
Full model (243),5,JXQ_O3,Bordetella_hinzii,O3,0.002762471,0.327060481434102,0.3818695545196533
Full model (243),5,SZSG_UV,Chryseobacterium_gleum,UV,0.246583173,0.630302053032279,0.30250123143196106
Full model (243),5,HBZZ_Song_O3,Chryseobacterium_gleum,O3,0.139732438,0.191449237738158,0.21740752458572388
Full model (243),5,GBD_O3,Cupriavidus_metallidurans,O3,0.002841719,-0.118557557375744,-0.10482043027877808
Full model (243),5,HBZZ_West_Cl,Klebsiella_pneumoniae,Cl,0.008288161,0.335922359784793,0.5979098677635193
Full model (243),5,CZSC_UV,Klebsiella_pneumoniae,UV,0.038668347,0.308476797865379,0.48647066950798035
Full model (243),5,SZBH_UV_Cl,Pseudomonas_alcaligenes,UV_Cl,0.543155093,0.19172059912582,0.7781203389167786
Full model (243),5,GBD_UV_Cl,Pseudomonas_alcaligenes,UV_Cl,0.18986929,0.0812524849677061,0.457897812128067
Full model (243),5,JXQ_Cl,Shigella_dysenteriae,Cl,0.034634757,-0.0824961337660555,0.03486230969429016
Full model (243),5,GBD_O3,Shigella_dysenteriae,O3,0.065400601,-0.229699296894413,0.2886454463005066
Full model (243),5,GBD_UF,Shigella_sonnei,UF,0.068548444,0.598909502196841,0.5551624298095703
Full model (243),6,SZBH_UV_Cl,Achromobacter_xylosoxidans,UV_Cl,0.013324312,0.435390434281246,0.4443504512310028
Full model (243),6,HBZZ_West_Cl,Achromobacter_xylosoxidans,Cl,0.022303197,0.498099959668534,0.5473012924194336
Full model (243),6,GBD_UF,Achromobacter_xylosoxidans,UF,0.007125647,0.482534816986523,0.5305707454681396
Full model (243),6,WFSW_UV,Aeromonas_caviae,UV,0.082447767,-0.127779432064577,0.10927540063858032
Full model (243),6,GBD_UV_Cl,Aeromonas_caviae,UV_Cl,0.516127724,-0.295621534802281,-0.0686282068490982
Full model (243),6,SZBH_UV_Cl,Aliarcobacter_cryaerophilus,UV_Cl,0.55294924,2.5116981563767,0.7411377429962158
Full model (243),6,JXQ_Cl,Aliarcobacter_cryaerophilus,Cl,0.282831991,-0.1252200186754,-0.16634559631347656
Full model (243),6,SZFX_UV,Bacteroides_fragilis,UV,0.068742011,0.0652388812535082,0.15109646320343018
Full model (243),6,SZSG_UV_Cl,Chryseobacterium_gleum,UV_Cl,0.037955842,-0.546409300724642,-0.2855103611946106
Full model (243),6,GBD_UF,Chryseobacterium_gleum,UF,0.042541617,0.00353341702993415,-0.009296957403421402
Full model (243),6,BXH_O3_Cl,Chryseobacterium_gleum,O3_Cl,0.007277807,0.794194138174742,0.4702422022819519
Full model (243),6,HBZZ_West_Cl,Cupriavidus_metallidurans,Cl,0.005404207,0.458016052268938,0.4787651598453522
Full model (243),6,HBZZ_Song_O3,Cupriavidus_metallidurans,O3,0.005472602,-0.177144165569531,-0.1528010070323944
Full model (243),6,HBZZ_East_Cl,Cupriavidus_metallidurans,Cl,0.003490166,0.759325711190797,0.5615557432174683
Full model (243),6,HBZZ_Song_O3,Enterobacter_spp.,O3,0.003703267,0.0320882543927179,0.31977710127830505
Full model (243),6,SZFX_UV,Escherichia_coli,UV,0.074182878,0.0182435057708529,0.09740211069583893
Full model (243),6,WFSW_UV,Klebsiella_pneumoniae,UV,0.049854795,0.0687160795955978,0.01583184488117695
Full model (243),6,GBD_O3,Klebsiella_pneumoniae,O3,0.140619803,0.087108735259346,0.32845306396484375
Full model (243),6,HBZZ_East_O3,Laribacter_hongkongensis,O3,0.001298907,1.08361603471089,0.20855441689491272
Full model (243),6,BXH_O3_Cl,Mycobacterium_kansasii,O3_Cl,0.004378288,0.210808647371692,0.49027568101882935
Full model (243),6,GBD_UV_Cl,Nocardia_brasiliensis,UV_Cl,3.79945e-4,-0.594918111940188,-0.09375926852226257
Full model (243),6,HBZZ_East_O3,Ralstonia_solanacearum,O3,0.002191402,0.25372653552967,-0.005081287119537592
Full model (243),6,GBD_O3,Shigella_boydii,O3,0.118815519,0.0494238115809076,0.32845306396484375
Full model (243),6,SZSG_UV,Staphylococcus_aureus,UV,2.97729e-4,0.529573663912566,0.2682872712612152
Full model (243),7,GBD_O3,Achromobacter_xylosoxidans,O3,0.009095954,-0.243879039646363,0.035781748592853546
Full model (243),7,SZSG_UV,Acinetobacter_lwoffii,UV,0.013720696,0.479766932952668,0.40331900119781494
Full model (243),7,SZFX_UV,Acinetobacter_lwoffii,UV,0.013243668,-0.00199919764260475,0.14644162356853485
Full model (243),7,GBD_UF,Acinetobacter_lwoffii,UF,0.021544735,0.38489892973477,0.5114458799362183
Full model (243),7,JXQ_O3,Bacteroides_fragilis,O3,0.041218307,0.349102786569514,-0.008280869573354721
Full model (243),7,HBZZ_Song_O3,Bordetella_hinzii,O3,0.013082649,-0.216591621202493,0.026358161121606827
Full model (243),7,GBD_UF,Bordetella_hinzii,UF,0.002489105,0.627902865170403,0.32403653860092163
Full model (243),7,BXH_O3_Cl,Bordetella_hinzii,O3_Cl,0.004708021,0.0751283602736658,0.1515614092350006
Full model (243),7,HBZZ_West_Cl,Chryseobacterium_gleum,Cl,0.005590502,-0.185868814901772,-0.19943572580814362
Full model (243),7,SZFX_UV,Cupriavidus_metallidurans,UV,0.001540478,0.00725609087626709,0.24454817175865173
Full model (243),7,HBZZ_East_O3,Cupriavidus_metallidurans,O3,0.003551026,-0.878515195458907,-0.10505039989948273
Full model (243),7,JXQ_Cl,Enterobacter_spp.,Cl,0.012255667,-0.0127938583356766,0.11651315540075302
Full model (243),7,BXH_O3_Cl,Escherichia_coli,O3_Cl,0.008814355,0.294297633901822,0.3330529034137726
Full model (243),7,SZSG_UV,Klebsiella_pneumoniae,UV,0.077967774,0.410774766437985,0.35562798380851746
Full model (243),7,GBD_UV_Cl,Klebsiella_pneumoniae,UV_Cl,0.108161945,-0.18725911871416,-0.15596747398376465
Full model (243),7,HBZZ_East_Cl,Mycobacterium_kansasii,Cl,0.001884533,-0.0181522611724937,0.025466986000537872
Full model (243),7,GBD_UV_Cl,Mycobacterium_kansasii,UV_Cl,0.004970939,-0.219664007629004,0.04634768143296242
Full model (243),7,SZSG_UV_Cl,Nocardia_brasiliensis,UV_Cl,6.34211e-4,-0.0742972936908122,0.18120211362838745
Full model (243),7,GBD_UV_Cl,Nocardia_farcinica,UV_Cl,0.001299834,-0.570844388224825,0.3566202223300934
Full model (243),7,GBD_O3,Nocardia_farcinica,O3,0.001377865,0.558603199615157,0.4251439571380615
Full model (243),7,HBZZ_Song_O3,Pseudomonas_aeruginosa,O3,0.001099227,-0.13716440905070101,0.2708171010017395
Full model (243),7,SZBH_UV_Cl,Pseudomonas_putida,UV_Cl,0.004186333,0.190729783189567,0.2908436059951782
Full model (243),7,SZSG_UV,Shigella_dysenteriae,UV,0.016040098,0.455633253235949,0.28636446595191956
Full model (243),7,JXQ_Cl,Shigella_sonnei,Cl,0.038705439,-0.142494063441341,0.029337286949157715
Full model (243),8,JXQ_Cl,Achromobacter_xylosoxidans,Cl,0.004680113,0.108492842608694,0.16406023502349854
Full model (243),8,CZSC_UV,Achromobacter_xylosoxidans,UV,0.00503349,0.202941119509236,0.1706402450799942
Full model (243),8,JXQ_O3,Acinetobacter_lwoffii,O3,0.01968396,0.298112900570108,-0.008811933919787407
Full model (243),8,GBD_O3,Acinetobacter_lwoffii,O3,0.028588751,-0.0559493933797291,0.003698874730616808
Full model (243),8,SZBH_UV_Cl,Aeromonas_hydrophila,UV_Cl,0.685027637,0.985148791209913,0.41197752952575684
Full model (243),8,HBZZ_East_O3,Aeromonas_hydrophila,O3,0.002745736,0.437955210324543,0.2420562207698822
Full model (243),8,GBD_UF,Aeromonas_hydrophila,UF,0.064722387,0.444026332647125,0.23691916465759277
Full model (243),8,SZFX_UV,Aliarcobacter_cryaerophilus,UV,0.232427882,0.0603385234178648,0.17906518280506134
Full model (243),8,HBZZ_East_Cl,Bordetella_hinzii,Cl,0.00477239,0.855731667393835,0.061138205230236053
Full model (243),8,SZSG_UV,Cupriavidus_metallidurans,UV,0.002140817,0.392346980338826,0.22233426570892334
Full model (243),8,JXQ_O3,Enterobacter_spp.,O3,0.015083209,0.390128089958705,0.320023775100708
Full model (243),8,GBD_UF,Escherichia_coli,UF,0.089363231,0.779584474089292,0.5387486219406128
Full model (243),8,GBD_UV_Cl,Laribacter_hongkongensis,UV_Cl,0.09456237,-0.222548060599801,-0.4348205626010895
Full model (243),8,SZSG_UV_Cl,Mycobacterium_kansasii,UV_Cl,0.004027685,-0.115704800764749,-0.2551380693912506
Full model (243),8,BXH_O3_Cl,Mycobacterium_xenopi,O3_Cl,0.001170426,0.36344959342013,0.30996036529541016
Full model (243),8,HBZZ_West_Cl,Pseudomonas_aeruginosa,Cl,0.002375326,0.222148251658804,0.4250985383987427
Full model (243),8,HBZZ_East_O3,Pseudomonas_aeruginosa,O3,0.001017176,-0.350228194500837,0.05956093594431877
Full model (243),8,SZFX_UV,Pseudomonas_alcaligenes,UV,0.080578172,0.0526787917280148,0.18452578783035278
Full model (243),8,HBZZ_East_O3,Pseudomonas_alcaligenes,O3,0.140916255,-1.91971159277378,-1.7133195400238037
Full model (243),8,SZBH_UV_Cl,Pseudomonas_mendocina,UV_Cl,0.008568306,0.101572485767356,0.13793443143367767
Full model (243),8,SZBH_UV_Cl,Shigella_boydii,UV_Cl,0.071888681,0.718069143812771,0.24732574820518494
Full model (243),8,WFSW_UV,Shigella_dysenteriae,UV,0.01811167,0.171450749660438,0.14595618844032288
Full model (243),8,BXH_O3_Cl,Shigella_sonnei,O3_Cl,0.005908689,1.15758915754463,0.5146231055259705
Full model (243),8,JXQ_Cl,Staphylococcus_aureus,Cl,3.36717e-4,0.199020051187768,0.2547399401664734
Full model (243),9,WFSW_UV,Achromobacter_xylosoxidans,UV,0.007487138,-0.254661249955602,0.06359279900789261
Full model (243),9,JXQ_O3,Achromobacter_xylosoxidans,O3,0.009014238,0.43764756342923,0.3387315571308136
Full model (243),9,GBD_UV_Cl,Achromobacter_xylosoxidans,UV_Cl,0.017423576,-0.306882626090294,-0.060294169932603836
Full model (243),9,SZFX_UV,Aeromonas_hydrophila,UV,0.823149289,0.0468300417414112,-0.015484766103327274
Full model (243),9,WFSW_UV,Bacteroides_fragilis,UV,0.015205182,0.236436552937084,0.36262038350105286
Full model (243),9,GBD_UF,Bacteroides_fragilis,UF,0.038303795,0.51283753243116,0.5092650055885315
Full model (243),9,HBZZ_East_O3,Bordetella_hinzii,O3,0.004828414,0.691081435070822,0.4122444987297058
Full model (243),9,GBD_UV_Cl,Bordetella_hinzii,UV_Cl,0.003357877,-0.256432579430054,-0.3518148362636566
Full model (243),9,SZBH_UV_Cl,Chryseobacterium_gleum,UV_Cl,0.049605365,0.772476880127369,0.1618577539920807
Full model (243),9,HBZZ_East_Cl,Chryseobacterium_gleum,Cl,0.007528368,1.03856465552207,0.430941104888916
Full model (243),9,SZBH_UV_Cl,Cupriavidus_metallidurans,UV_Cl,0.003076754,0.169044384003021,-0.6264287233352661
Full model (243),9,SZSG_UV,Enterobacter_spp.,UV,0.007223455,0.406222209409191,0.3201104998588562
Full model (243),9,HBZZ_West_Cl,Enterobacter_spp.,Cl,0.001752466,0.431047934011754,0.026506194844841957
Full model (243),9,JXQ_O3,Escherichia_coli,O3,0.053173147,0.230128591586561,0.19635875523090363
Full model (243),9,HBZZ_East_Cl,Laribacter_hongkongensis,Cl,0.001256146,1.2353706416563,0.030302681028842926
Full model (243),9,GBD_O3,Mycobacterium_kansasii,O3,8.76813e-4,-0.220397811867884,0.02648754231631756
Full model (243),9,HBZZ_Song_O3,Nocardia_brasiliensis,O3,2.92317e-4,0.120197569996167,0.14898954331874847
Full model (243),9,BXH_O3_Cl,Nocardia_farcinica,O3_Cl,0.001176827,1.06442030224855,0.17305950820446014
Full model (243),9,SZBH_UV_Cl,Pseudomonas_aeruginosa,UV_Cl,0.011036166,0.189672015234538,-0.4565316438674927
Full model (243),9,JXQ_Cl,Shigella_boydii,Cl,0.064476453,-0.142494063441341,-0.08214030414819717
Full model (243),9,SZFX_UV,Shigella_dysenteriae,UV,0.048573432,0.131694199784285,0.06709792464971542
Full model (243),9,GBD_O3,Shigella_sonnei,O3,0.076042636,0.276856786936626,0.3677804470062256
Full model (243),9,GBD_UF,Staphylococcus_aureus,UF,3.88465e-4,0.608925855379077,0.295879989862442
Full model (243),10,SZBH_UV_Cl,Acinetobacter_lwoffii,UV_Cl,0.050463124,0.762781944091042,0.7489818334579468
Full model (243),10,HBZZ_Song_O3,Acinetobacter_lwoffii,O3,0.00384116,0.179047214700831,-0.004919223953038454
Full model (243),10,GBD_UV_Cl,Acinetobacter_lwoffii,UV_Cl,0.034936075,-0.347030627013962,-0.2414499670267105
Full model (243),10,GBD_O3,Aeromonas_caviae,O3,0.624391318,0.117606508849514,0.189784437417984
Full model (243),10,SZSG_UV,Aliarcobacter_cryaerophilus,UV,0.349033837,0.575909612725165,0.39368629455566406
Full model (243),10,SZBH_UV_Cl,Bordetella_hinzii,UV_Cl,0.004119767,0.57312726637732,0.405958890914917
Full model (243),10,GBD_O3,Enterobacter_spp.,O3,0.035025722,0.122173697723534,0.12223807722330093
Full model (243),10,CZSC_UV,Enterobacter_spp.,UV,0.015921504,0.230321519995161,0.2196936011314392
Full model (243),10,BXH_O3_Cl,Enterobacter_spp.,O3_Cl,0.005547272,0.263719256003539,0.36306506395339966
Full model (243),10,GBD_UV_Cl,Escherichia_coli,UV_Cl,0.068027991,-0.177763375259449,-0.13913533091545105
Full model (243),10,GBD_O3,Escherichia_coli,O3,0.09405733,0.114545530008063,0.2075277864933014
Full model (243),10,CZSC_UV,Escherichia_coli,UV,0.059020011,0.569336801986105,0.3334187865257263
Full model (243),10,HBZZ_East_O3,Klebsiella_pneumoniae,O3,0.010257074,-0.126724433476463,0.1441819965839386
Full model (243),10,HBZZ_East_Cl,Klebsiella_pneumoniae,Cl,0.006482385,0.142728127912432,-0.08580009639263153
Full model (243),10,HBZZ_Song_O3,Mycobacterium_kansasii,O3,5.69997e-4,0.273980357228435,0.15059545636177063
Full model (243),10,GBD_UF,Nocardia_farcinica,UF,7.33431e-4,0.113943518511943,0.3818235397338867
Full model (243),10,HBZZ_West_Cl,Pseudomonas_mendocina,Cl,0.001621972,0.0860897808880062,0.011167031712830067
Full model (243),10,SZBH_UV_Cl,Ralstonia_solanacearum,UV_Cl,5.09019e-4,0.1955063372476,-0.1869850754737854
Full model (243),10,HBZZ_West_Cl,Ralstonia_solanacearum,Cl,0.003353918,0.36960703526513,0.32642197608947754
Full model (243),10,SZFX_UV,Shigella_sonnei,UV,0.060754293,-0.146791193976506,0.21707621216773987
Full model (243),10,SZFX_UV,Staphylococcus_aureus,UV,2.14081e-4,0.0654150420790086,-0.010559131391346455
Reduced model (430),1,HBZZ_East_Cl,Achromobacter_xylosoxidans,Cl,0.015625104,0.779731744640804,0.4127267897129059
Reduced model (430),1,WFSW_UV,Acinetobacter_lwoffii,UV,0.016460413,-0.174125990081965,-0.11374591290950775
Reduced model (430),1,SZBH_UV_Cl,Acinetobacter_lwoffii,UV_Cl,0.050463124,0.762781944091042,0.4910561144351959
Reduced model (430),1,WFSW_UV,Aeromonas_caviae,UV,0.082447767,-0.127779432064577,-0.1406092494726181
Reduced model (430),1,JXQ_Cl,Aeromonas_caviae,Cl,0.283860719,0.241404013962203,0.6012740135192871
Reduced model (430),1,SZSG_UV_Cl,Aeromonas_hydrophila,UV_Cl,0.007772242,-0.788826812867924,-0.5823420286178589
Reduced model (430),1,JXQ_Cl,Bacteroides_fragilis,Cl,0.055659423,-0.0517881507938518,-0.017995746806263924
Reduced model (430),1,GBD_O3,Bacteroides_fragilis,O3,0.047745006,0.104191708330086,0.27133888006210327
Reduced model (430),1,SZSG_UV_Cl,Bordetella_hinzii,UV_Cl,0.003681308,0.12924325638143,0.19747383892536163
Reduced model (430),1,HBZZ_West_Cl,Bordetella_hinzii,Cl,0.005523353,0.394962939090468,0.728023111820221
Reduced model (430),1,GBD_UV_Cl,Bordetella_hinzii,UV_Cl,0.003357877,-0.256432579430054,-0.13003209233283997
Reduced model (430),1,GBD_UF,Bordetella_hinzii,UF,0.002489105,0.627902865170403,0.3302938938140869
Reduced model (430),1,CZSC_UV,Bordetella_hinzii,UV,0.001471331,0.190408827530599,0.3945443332195282
Reduced model (430),1,SZFX_UV,Cupriavidus_metallidurans,UV,0.001540478,0.00725609087626709,0.18758784234523773
Reduced model (430),1,GBD_O3,Cupriavidus_metallidurans,O3,0.002841719,-0.118557557375744,-0.2719446122646332
Reduced model (430),1,HBZZ_Song_O3,Enterobacter_spp.,O3,0.003703267,0.0320882543927179,0.1834350973367691
Reduced model (430),1,HBZZ_East_Cl,Escherichia_coli,Cl,9.7223e-4,0.0293906732814557,0.15043795108795166
Reduced model (430),1,HBZZ_Song_O3,Klebsiella_pneumoniae,O3,0.016478299,0.0256076627031804,0.32871150970458984
Reduced model (430),1,SZSG_UV,Legionella_longbeachae,UV,8.35832e-4,0.526357070162844,0.2647037208080292
Reduced model (430),1,GBD_UV_Cl,Legionella_longbeachae,UV_Cl,0.001805668,0.235630442573816,0.12604935467243195
Reduced model (430),1,BXH_O3_Cl,Legionella_longbeachae,O3_Cl,2.82949e-4,0.0622211989257366,0.5152809023857117
Reduced model (430),1,WFSW_UV,Mycobacterium_kansasii,UV,2.99214e-4,-0.217384219406838,0.4794597923755646
Reduced model (430),1,SZFX_UV,Mycobacterium_kansasii,UV,7.38305e-4,-0.122322022175198,0.07584908604621887
Reduced model (430),1,BXH_O3_Cl,Mycobacterium_kansasii,O3_Cl,0.004378288,0.210808647371692,0.21295279264450073
Reduced model (430),1,SZSG_UV_Cl,Mycobacterium_xenopi,UV_Cl,0.002359511,-0.0360065054078799,0.12604935467243195
Reduced model (430),1,HBZZ_Song_O3,Mycobacterium_xenopi,O3,4.23653e-4,0.286155966159656,0.3269493877887726
Reduced model (430),1,HBZZ_East_O3,Nocardia_brasiliensis,O3,2.67696e-4,1.1175388046761,0.25860369205474854
Reduced model (430),1,SZSG_UV,Nocardia_farcinica,UV,2.39497e-4,0.35490658306202,0.23204146325588226
Reduced model (430),1,GBD_UV_Cl,Nocardia_farcinica,UV_Cl,0.001299834,-0.570844388224825,0.2935973107814789
Reduced model (430),1,GBD_O3,Nocardia_farcinica,O3,0.001377865,0.558603199615157,0.14491647481918335
Reduced model (430),1,HBZZ_Song_O3,Pseudomonas_aeruginosa,O3,0.001099227,-0.13716440905070101,0.23816651105880737
Reduced model (430),1,GBD_UF,Pseudomonas_aeruginosa,UF,1.78948e-4,0.570704320253979,0.45155712962150574
Reduced model (430),1,CZSC_UV,Pseudomonas_aeruginosa,UV,5.35725e-4,0.315906579477379,0.3198670744895935
Reduced model (430),1,GBD_O3,Pseudomonas_alcaligenes,O3,0.04918679,-0.481233201630694,-1.3259021043777466
Reduced model (430),1,SZSG_UV_Cl,Pseudomonas_mendocina,UV_Cl,0.001055007,0.122407750878962,0.24728864431381226
Reduced model (430),1,SZBH_UV_Cl,Pseudomonas_mendocina,UV_Cl,0.008568306,0.101572485767356,-0.10998280346393585
Reduced model (430),1,HBZZ_West_Cl,Pseudomonas_mendocina,Cl,0.001621972,0.0860897808880062,0.15588295459747314
Reduced model (430),1,HBZZ_Song_O3,Pseudomonas_mendocina,O3,0.016532048,0.0788255307257662,0.2071361541748047
Reduced model (430),1,HBZZ_East_O3,Pseudomonas_putida,O3,0.00442997,-1.6179062673756,-0.44742876291275024
Reduced model (430),1,HBZZ_East_Cl,Pseudomonas_putida,Cl,0.002054185,0.111429361148686,-0.6410313248634338
Reduced model (430),1,BXH_O3_Cl,Ralstonia_solanacearum,O3_Cl,5.79721e-4,0.0746195737814501,0.4572107791900635
Reduced model (430),1,GBD_UF,Shigella_dysenteriae,UF,0.060034194,0.740142805405214,0.5601136088371277
Reduced model (430),1,SZFX_UV,Shigella_sonnei,UV,0.060754293,-0.146791193976506,0.12397129088640213
Reduced model (430),1,HBZZ_East_Cl,Shigella_sonnei,Cl,5.74289e-4,-1.06018851157928,0.027866678312420845
Reduced model (430),1,SZSG_UV,Vibrio_cholerae,UV,3.73573e-4,0.479786111759088,0.4059528410434723
Reduced model (430),2,SZSG_UV_Cl,Achromobacter_xylosoxidans,UV_Cl,0.004840212,-0.00510671703628393,-0.21781693398952484
Reduced model (430),2,SZSG_UV_Cl,Acinetobacter_lwoffii,UV_Cl,0.041997947,0.202694398030814,0.5252054929733276
Reduced model (430),2,HBZZ_East_O3,Acinetobacter_lwoffii,O3,0.004767721,0.0478598103573263,0.23302549123764038
Reduced model (430),2,SZBH_UV_Cl,Aeromonas_caviae,UV_Cl,0.507034238,1.30224922365922,1.1856476068496704
Reduced model (430),2,HBZZ_Song_O3,Aeromonas_caviae,O3,0.019237311,0.0976778715345826,0.3352915942668915
Reduced model (430),2,GBD_UV_Cl,Aeromonas_caviae,UV_Cl,0.516127724,-0.295621534802281,-0.20830239355564117
Reduced model (430),2,JXQ_O3,Aeromonas_hydrophila,O3,0.040613998,0.355947791971713,-0.22372567653656006
Reduced model (430),2,HBZZ_East_O3,Aeromonas_hydrophila,O3,0.002745736,0.437955210324543,0.24828897416591644
Reduced model (430),2,HBZZ_West_Cl,Aliarcobacter_cryaerophilus,Cl,0.005526623,0.657032004590276,0.431482195854187
Reduced model (430),2,WFSW_UV,Bacteroides_fragilis,UV,0.015205182,0.236436552937084,0.3305200934410095
Reduced model (430),2,JXQ_O3,Bacteroides_fragilis,O3,0.041218307,0.349102786569514,0.10661991685628891
Reduced model (430),2,HBZZ_West_Cl,Bacteroides_fragilis,Cl,7.16371e-4,0.290042815463899,0.16745387017726898
Reduced model (430),2,SZFX_UV,Bordetella_hinzii,UV,9.99695e-4,-0.00553664727987133,0.09945859760046005
Reduced model (430),2,HBZZ_Song_O3,Bordetella_hinzii,O3,0.013082649,-0.216591621202493,0.07583583146333694
Reduced model (430),2,GBD_UF,Chryseobacterium_gleum,UF,0.042541617,0.00353341702993415,0.011346629820764065
Reduced model (430),2,HBZZ_East_O3,Cupriavidus_metallidurans,O3,0.003551026,-0.878515195458907,-0.376723051071167
Reduced model (430),2,JXQ_Cl,Enterobacter_spp.,Cl,0.012255667,-0.0127938583356766,0.09967416524887085
Reduced model (430),2,CZSC_UV,Escherichia_coli,UV,0.059020011,0.569336801986105,0.3119608461856842
Reduced model (430),2,JXQ_Cl,Klebsiella_pneumoniae,Cl,0.040364309,1.66057243015734e-4,-0.1110880896449089
Reduced model (430),2,WFSW_UV,Legionella_longbeachae,UV,3.32357e-4,0.18502788699894,0.3865291178226471
Reduced model (430),2,SZFX_UV,Legionella_pneumophila,UV,8.03134e-4,0.00551652260999323,0.15120060741901398
Reduced model (430),2,JXQ_O3,Legionella_pneumophila,O3,5.02179e-4,0.356105737681373,0.3419806957244873
Reduced model (430),2,HBZZ_West_Cl,Legionella_pneumophila,Cl,6.15991e-5,-0.0641398176565064,0.017696868628263474
Reduced model (430),2,HBZZ_East_O3,Legionella_pneumophila,O3,7.07803e-4,1.11554177279821,0.4685852527618408
Reduced model (430),2,SZFX_UV,Mycobacterium_xenopi,UV,5.10288e-5,0.0476520520429975,0.12056346237659454
Reduced model (430),2,JXQ_O3,Mycobacterium_xenopi,O3,6.69658e-4,0.441931631742285,0.24900098145008087
Reduced model (430),2,HBZZ_West_Cl,Nocardia_brasiliensis,Cl,5.46135e-5,0.30275195282076,0.2057664692401886
Reduced model (430),2,HBZZ_East_Cl,Nocardia_brasiliensis,Cl,1.22545e-4,0.113907471481292,0.017129942774772644
Reduced model (430),2,GBD_UF,Nocardia_brasiliensis,UF,3.38201e-4,0.0784738071025236,0.4194681942462921
Reduced model (430),2,SZSG_UV_Cl,Nocardia_farcinica,UV_Cl,0.001983522,0.165167080619505,0.24719758331775665
Reduced model (430),2,BXH_O3_Cl,Nocardia_farcinica,O3_Cl,0.001176827,1.06442030224855,-0.1411486119031906
Reduced model (430),2,SZBH_UV_Cl,Pseudomonas_aeruginosa,UV_Cl,0.011036166,0.189672015234538,-0.47505760192871094
Reduced model (430),2,BXH_O3_Cl,Pseudomonas_aeruginosa,O3_Cl,0.001568705,0.0998341385623234,0.2987143397331238
Reduced model (430),2,SZFX_UV,Pseudomonas_alcaligenes,UV,0.080578172,0.0526787917280148,0.095222577452659607
Reduced model (430),2,SZBH_UV_Cl,Pseudomonas_alcaligenes,UV_Cl,0.543155093,0.19172059912582,0.5709248185157776
Reduced model (430),2,HBZZ_West_Cl,Pseudomonas_alcaligenes,Cl,0.633269145,0.451722081148986,0.7627111077308655
Reduced model (430),2,GBD_UV_Cl,Pseudomonas_alcaligenes,UV_Cl,0.18986929,0.0812524849677061,0.6339111924171448
Reduced model (430),2,CZSC_UV,Pseudomonas_mendocina,UV,6.96327e-4,0.213986406516556,0.08720420300960541
Reduced model (430),2,BXH_O3_Cl,Pseudomonas_putida,O3_Cl,0.009507689,0.147517125213252,0.3286548852920532
Reduced model (430),2,SZSG_UV,Ralstonia_solanacearum,UV,4.20415e-4,0.397040689226083,0.39428597688674927
Reduced model (430),2,JXQ_O3,Ralstonia_solanacearum,O3,5.97441e-4,0.448387850292424,0.3987239897251129
Reduced model (430),2,CZSC_UV,Shigella_dysenteriae,UV,0.037962714,0.276145259428194,0.29365599155426025
Reduced model (430),2,SZSG_UV,Shigella_sonnei,UV,0.016816977,0.695210769812737,0.3305200934410095
Reduced model (430),2,GBD_UF,Shigella_sonnei,UF,0.068548444,0.598909502196841,0.5543797612190247
Reduced model (430),2,SZBH_UV_Cl,Staphylococcus_aureus,UV_Cl,5.46899e-4,1.14248404801643,0.5633156895637512
Reduced model (430),3,WFSW_UV,Achromobacter_xylosoxidans,UV,0.007487138,-0.254661249955602,-0.08943261951208115
Reduced model (430),3,GBD_O3,Achromobacter_xylosoxidans,O3,0.009095954,-0.243879039646363,0.04684184864163399
Reduced model (430),3,GBD_UV_Cl,Acinetobacter_lwoffii,UV_Cl,0.034936075,-0.347030627013962,-0.3002840280532837
Reduced model (430),3,HBZZ_East_Cl,Aeromonas_caviae,Cl,0.002299319,0.290515371517431,-0.2816888093948364
Reduced model (430),3,GBD_UF,Aeromonas_caviae,UF,0.536933238,0.496983861064114,0.20854692161083221
Reduced model (430),3,JXQ_Cl,Aeromonas_hydrophila,Cl,0.060086653,0.128136451167224,0.08070552349090576
Reduced model (430),3,BXH_O3_Cl,Aeromonas_hydrophila,O3_Cl,0.133760134,0.34206556043514,0.43596887588500977
Reduced model (430),3,HBZZ_East_O3,Bacteroides_fragilis,O3,6.56848e-4,0.940427102878365,-0.006032033823430538
Reduced model (430),3,GBD_UF,Bacteroides_fragilis,UF,0.038303795,0.51283753243116,0.4401683211326599
Reduced model (430),3,SZSG_UV,Bordetella_hinzii,UV,0.002419571,0.37967897793781,0.1765413135290146
Reduced model (430),3,HBZZ_Song_O3,Chryseobacterium_gleum,O3,0.139732438,0.191449237738158,0.1720050871372223
Reduced model (430),3,CZSC_UV,Chryseobacterium_gleum,UV,0.009963991,0.289525712451058,0.3611849546432495
Reduced model (430),3,WFSW_UV,Cupriavidus_metallidurans,UV,0.002365128,-0.210913504779847,0.19679762423038483
Reduced model (430),3,SZSG_UV,Cupriavidus_metallidurans,UV,0.002140817,0.392346980338826,0.545293927192688
Reduced model (430),3,JXQ_O3,Cupriavidus_metallidurans,O3,0.002609582,0.392823379360403,0.529109537601471
Reduced model (430),3,JXQ_Cl,Cupriavidus_metallidurans,Cl,0.001897377,0.174115265007814,0.35719728469848633
Reduced model (430),3,SZBH_UV_Cl,Enterobacter_spp.,UV_Cl,0.031170094,1.25133331239219,0.13323621451854706
Reduced model (430),3,GBD_UF,Enterobacter_spp.,UF,0.029653392,0.551378876376469,0.5336446762084961
Reduced model (430),3,SZSG_UV,Klebsiella_pneumoniae,UV,0.077967774,0.410774766437985,0.20867612957954407
Reduced model (430),3,HBZZ_East_Cl,Klebsiella_pneumoniae,Cl,0.006482385,0.142728127912432,-0.21836598217487335
Reduced model (430),3,BXH_O3_Cl,Klebsiella_pneumoniae,O3_Cl,0.022022511,0.714894662814804,-0.20808735489845276
Reduced model (430),3,SZSG_UV_Cl,Laribacter_hongkongensis,UV_Cl,0.001208241,0.0604671940896083,-0.04885658621788025
Reduced model (430),3,JXQ_O3,Laribacter_hongkongensis,O3,0.055534711,0.385442167817106,0.391154021024704
Reduced model (430),3,HBZZ_West_Cl,Laribacter_hongkongensis,Cl,0.002503611,-0.322703333684996,0.6388183236122131
Reduced model (430),3,CZSC_UV,Laribacter_hongkongensis,UV,0.093138716,0.370685262242753,0.5085669755935669
Reduced model (430),3,HBZZ_East_Cl,Legionella_longbeachae,Cl,8.42099e-4,0.567032171761984,0.33016571402549744
Reduced model (430),3,SZBH_UV_Cl,Mycobacterium_kansasii,UV_Cl,5.54337e-4,0.810585126662678,-0.00391911156475544
Reduced model (430),3,JXQ_O3,Mycobacterium_kansasii,O3,1.55233e-4,0.466243704772618,0.26318517327308655
Reduced model (430),3,GBD_UV_Cl,Mycobacterium_xenopi,UV_Cl,0.001587034,-0.305412692790709,-0.05339233577251434
Reduced model (430),3,JXQ_O3,Nocardia_brasiliensis,O3,3.96172e-5,0.280457254892184,0.23225198686122894
Reduced model (430),3,JXQ_O3,Pseudomonas_aeruginosa,O3,2.07522e-4,0.370970191289763,0.157005175948143
Reduced model (430),3,GBD_UV_Cl,Pseudomonas_aeruginosa,UV_Cl,6.88813e-4,-0.262113298599842,-0.09655078500509262
Reduced model (430),3,WFSW_UV,Pseudomonas_alcaligenes,UV,0.013862182,-0.236905347992282,-0.16808125376701355
Reduced model (430),3,JXQ_Cl,Pseudomonas_alcaligenes,Cl,0.013411464,-0.0223901898111659,-0.020879629999399185
Reduced model (430),3,HBZZ_Song_O3,Pseudomonas_alcaligenes,O3,0.072189964,0.0442406600577544,0.05621194839477539
Reduced model (430),3,HBZZ_East_Cl,Pseudomonas_alcaligenes,Cl,0.039307311,-2.73555926285608,-1.0553208589553833
Reduced model (430),3,CZSC_UV,Pseudomonas_alcaligenes,UV,0.026160014,0.174953503512354,0.3610099256038666
Reduced model (430),3,GBD_UV_Cl,Pseudomonas_mendocina,UV_Cl,0.001749287,-0.306087389978073,-0.06536203622817993
Reduced model (430),3,BXH_O3_Cl,Pseudomonas_mendocina,O3_Cl,0.003783359,0.235539312494368,0.4700024127960205
Reduced model (430),3,SZBH_UV_Cl,Pseudomonas_putida,UV_Cl,0.004186333,0.190729783189567,0.0022978810593485832
Reduced model (430),3,JXQ_O3,Pseudomonas_putida,O3,4.75417e-4,0.413954514639863,0.2848440110683441
Reduced model (430),3,SZFX_UV,Shigella_boydii,UV,0.094835356,0.0670886259685748,0.08506811410188675
Reduced model (430),3,GBD_UV_Cl,Shigella_dysenteriae,UV_Cl,0.048785269,0.106053905698287,0.16024787724018097
Reduced model (430),3,HBZZ_East_O3,Shigella_sonnei,O3,0.00135062,-0.959240530060613,-0.13817960023880005
Reduced model (430),3,CZSC_UV,Shigella_sonnei,UV,0.04324889,0.366806323159249,0.34524133801460266
Reduced model (430),4,JXQ_O3,Achromobacter_xylosoxidans,O3,0.009014238,0.43764756342923,0.6543682813644409
Reduced model (430),4,JXQ_Cl,Achromobacter_xylosoxidans,Cl,0.004680113,0.108492842608694,0.19251763820648193
Reduced model (430),4,GBD_O3,Acinetobacter_lwoffii,O3,0.028588751,-0.0559493933797291,0.014935082755982876
Reduced model (430),4,SZSG_UV,Aeromonas_caviae,UV,0.186188167,0.390873266145242,0.11421508342027664
Reduced model (430),4,HBZZ_West_Cl,Aeromonas_caviae,Cl,0.012053274,0.530150675563233,0.3413611054420471
Reduced model (430),4,GBD_O3,Aeromonas_caviae,O3,0.624391318,0.117606508849514,0.2814531624317169
Reduced model (430),4,SZSG_UV,Aliarcobacter_cryaerophilus,UV,0.349033837,0.575909612725165,0.4574929177761078
Reduced model (430),4,JXQ_O3,Aliarcobacter_cryaerophilus,O3,0.278074694,0.430593407949759,0.19039948284626007
Reduced model (430),4,GBD_UF,Aliarcobacter_cryaerophilus,UF,0.447176452,0.482102792054348,0.03591142222285271
Reduced model (430),4,CZSC_UV,Aliarcobacter_cryaerophilus,UV,0.629210659,0.436096660988315,0.8197024464607239
Reduced model (430),4,SZFX_UV,Bacteroides_fragilis,UV,0.068742011,0.0652388812535082,0.21923133730888367
Reduced model (430),4,GBD_UV_Cl,Bacteroides_fragilis,UV_Cl,0.034522006,-0.0529174389877858,0.28232699632644653
Reduced model (430),4,JXQ_Cl,Bordetella_hinzii,Cl,0.001145914,0.198799899826377,0.18628396093845367
Reduced model (430),4,HBZZ_East_O3,Bordetella_hinzii,O3,0.004828414,0.691081435070822,0.3841230571269989
Reduced model (430),4,JXQ_Cl,Chryseobacterium_gleum,Cl,0.009228077,0.431384525613017,0.3641100823879242
Reduced model (430),4,BXH_O3_Cl,Cupriavidus_metallidurans,O3_Cl,0.004096301,0.079793818691315,0.324922114610672
Reduced model (430),4,WFSW_UV,Enterobacter_spp.,UV,0.010248315,0.132992497841262,-0.08668700605630875
Reduced model (430),4,GBD_O3,Enterobacter_spp.,O3,0.035025722,0.122173697723534,0.20231039822101593
Reduced model (430),4,SZSG_UV,Escherichia_coli,UV,0.022704784,0.447302593727804,0.28959882259368896
Reduced model (430),4,JXQ_Cl,Escherichia_coli,Cl,0.049152146,0.0673672921948384,0.013706516474485397
Reduced model (430),4,SZSG_UV_Cl,Klebsiella_pneumoniae,UV_Cl,0.008007994,-1.44347450014183,-1.231176495552063
Reduced model (430),4,HBZZ_West_Cl,Klebsiella_pneumoniae,Cl,0.008288161,0.335922359784793,0.761850118637085
Reduced model (430),4,SZBH_UV_Cl,Legionella_longbeachae,UV_Cl,4.04178e-4,1.11644367473448,0.31859290599823
Reduced model (430),4,SZBH_UV_Cl,Legionella_pneumophila,UV_Cl,0.001488937,1.14003492640445,0.19476348161697388
Reduced model (430),4,GBD_UV_Cl,Legionella_pneumophila,UV_Cl,0.008468111,0.174944119464921,0.4065711200237274
Reduced model (430),4,GBD_UF,Legionella_pneumophila,UF,4.00687e-4,0.55765778326164706,0.4334754943847656
Reduced model (430),4,SZSG_UV,Mycobacterium_kansasii,UV,8.37739e-5,0.293052701636555,0.20150841772556305
Reduced model (430),4,SZSG_UV,Mycobacterium_xenopi,UV,1.24716e-4,0.397706131167988,0.18072852492332458
Reduced model (430),4,GBD_UV_Cl,Nocardia_brasiliensis,UV_Cl,3.79945e-4,-0.594918111940188,0.13208769261837006
Reduced model (430),4,GBD_O3,Nocardia_brasiliensis,O3,4.94096e-4,0.634061534859818,0.09518248587846756
Reduced model (430),4,SZBH_UV_Cl,Nocardia_farcinica,UV_Cl,3.42956e-4,0.889007210783346,0.48784393072128296
Reduced model (430),4,HBZZ_West_Cl,Pseudomonas_aeruginosa,Cl,0.002375326,0.222148251658804,0.5028091669082642
Reduced model (430),4,GBD_O3,Pseudomonas_aeruginosa,O3,6.2927e-4,-0.0794714305083665,0.11915058642625809
Reduced model (430),4,GBD_O3,Pseudomonas_mendocina,O3,0.001351333,-0.15005391372691,0.14033302664756775
Reduced model (430),4,GBD_UV_Cl,Pseudomonas_putida,UV_Cl,8.60201e-4,-0.51582339326751,-1.0969237089157104
Reduced model (430),4,JXQ_Cl,Ralstonia_solanacearum,Cl,2.44835e-4,0.0869540703876903,0.08838365226984024
Reduced model (430),4,HBZZ_East_O3,Ralstonia_solanacearum,O3,0.002191402,0.25372653552967,0.02455371990799904
Reduced model (430),4,GBD_UF,Shigella_boydii,UF,0.108161284,0.668632569324507,0.5039457678794861
Reduced model (430),4,WFSW_UV,Shigella_dysenteriae,UV,0.01811167,0.171450749660438,0.11195890605449677
Reduced model (430),4,SZSG_UV_Cl,Shigella_dysenteriae,UV_Cl,0.002792973,-0.101715338284548,-0.7571766972541809
Reduced model (430),4,BXH_O3_Cl,Shigella_dysenteriae,O3_Cl,0.009200269,0.638098176800427,0.3178718686103821
Reduced model (430),4,WFSW_UV,Shigella_sonnei,UV,0.018185219,-0.0441490506789173,0.12988248467445374
Reduced model (430),4,BXH_O3_Cl,Shigella_sonnei,O3_Cl,0.005908689,1.15758915754463,0.49290165305137634
Reduced model (430),4,JXQ_O3,Staphylococcus_aureus,O3,4.21782e-4,0.232435598187044,0.10049726814031601
Reduced model (430),4,SZFX_UV,Vibrio_cholerae,UV,8.43319e-5,0.0399400979290598,0.13796395063400269
Reduced model (430),5,CZSC_UV,Achromobacter_xylosoxidans,UV,0.00503349,0.202941119509236,0.25646063685417175
Reduced model (430),5,JXQ_O3,Acinetobacter_lwoffii,O3,0.01968396,0.298112900570108,0.07160557061433792
Reduced model (430),5,CZSC_UV,Acinetobacter_lwoffii,UV,0.321161441,-1.25533069835019,-1.7538394927978516
Reduced model (430),5,SZBH_UV_Cl,Aeromonas_hydrophila,UV_Cl,0.685027637,0.985148791209913,0.34694334864616394
Reduced model (430),5,SZBH_UV_Cl,Aliarcobacter_cryaerophilus,UV_Cl,0.55294924,2.5116981563767,0.722461998462677
Reduced model (430),5,HBZZ_East_Cl,Aliarcobacter_cryaerophilus,Cl,0.002759991,-0.641691506706941,0.02878354676067829
Reduced model (430),5,GBD_O3,Aliarcobacter_cryaerophilus,O3,0.493465001,0.272091194573098,0.3483707010746002
Reduced model (430),5,HBZZ_Song_O3,Bacteroides_fragilis,O3,0.001690291,0.0268070170006114,0.010445840656757355
Reduced model (430),5,CZSC_UV,Bacteroides_fragilis,UV,0.057729363,0.296175478281209,0.33662348985671997
Reduced model (430),5,BXH_O3_Cl,Bordetella_hinzii,O3_Cl,0.004708021,0.0751283602736658,0.13132429122924805
Reduced model (430),5,GBD_UV_Cl,Campylobacter_coli,UV_Cl,1.26417e-4,0.0806214693824317,0.3462176024913788
Reduced model (430),5,HBZZ_East_O3,Chryseobacterium_gleum,O3,0.005326296,1.18775972145502,0.10199622064828873
Reduced model (430),5,BXH_O3_Cl,Chryseobacterium_gleum,O3_Cl,0.007277807,0.794194138174742,0.42202308773994446
Reduced model (430),5,JXQ_O3,Enterobacter_spp.,O3,0.015083209,0.390128089958705,0.28874149918556213
Reduced model (430),5,HBZZ_East_O3,Enterobacter_spp.,O3,0.001860889,0.213948146570221,0.5159615874290466
Reduced model (430),5,GBD_UV_Cl,Enterobacter_spp.,UV_Cl,0.020948223,-0.159175729179347,0.2516707479953766
Reduced model (430),5,HBZZ_West_Cl,Escherichia_coli,Cl,7.05824e-4,0.399692565559812,0.45881548523902893
Reduced model (430),5,GBD_O3,Escherichia_coli,O3,0.09405733,0.114545530008063,0.2599523663520813
Reduced model (430),5,SZFX_UV,Klebsiella_pneumoniae,UV,0.084681579,0.0078761321823443,0.08320382982492447
Reduced model (430),5,SZBH_UV_Cl,Laribacter_hongkongensis,UV_Cl,0.168769192,0.705287867775928,0.3144117593765259
Reduced model (430),5,GBD_UV_Cl,Laribacter_hongkongensis,UV_Cl,0.09456237,-0.222548060599801,-0.2226913571357727
Reduced model (430),5,SZSG_UV_Cl,Legionella_longbeachae,UV_Cl,1.56417e-4,-0.401841494950284,0.3632189929485321
Reduced model (430),5,GBD_UF,Legionella_longbeachae,UF,2.41254e-4,0.590884426264589,0.3210500180721283
Reduced model (430),5,WFSW_UV,Legionella_pneumophila,UV,8.40974e-4,0.172030617356092,0.14537638425827026
Reduced model (430),5,SZSG_UV,Legionella_pneumophila,UV,8.7764e-4,0.527301716288097,0.20192976295948029
Reduced model (430),5,JXQ_Cl,Legionella_pneumophila,Cl,6.16284e-4,0.183243860495378,0.25488239526748657
Reduced model (430),5,CZSC_UV,Legionella_pneumophila,UV,5.38552e-4,0.340234409433358,0.4066886901855469
Reduced model (430),5,HBZZ_West_Cl,Mycobacterium_kansasii,Cl,2.72151e-4,-0.169954889631027,0.10355572402477264
Reduced model (430),5,HBZZ_East_O3,Pseudomonas_aeruginosa,O3,0.001017176,-0.350228194500837,0.09971727430820465
Reduced model (430),5,HBZZ_East_Cl,Pseudomonas_aeruginosa,Cl,0.001070653,-0.522286858392424,-0.6545300483703613
Reduced model (430),5,HBZZ_East_Cl,Pseudomonas_mendocina,Cl,6.70827e-4,-0.558302069070008,-0.09078660607337952
Reduced model (430),5,SZFX_UV,Pseudomonas_putida,UV,9.45961e-4,-0.0648240409491869,0.005836955737322569
Reduced model (430),5,HBZZ_East_Cl,Ralstonia_solanacearum,Cl,0.002582705,0.744779476582546,0.4162761867046356
Reduced model (430),5,GBD_UV_Cl,Ralstonia_solanacearum,UV_Cl,7.29804e-4,-0.26980147477143,-0.09754642844200134
Reduced model (430),5,GBD_UF,Ralstonia_solanacearum,UF,1.85525e-4,0.466360664233204,-0.07370395213365555
Reduced model (430),5,GBD_O3,Ralstonia_solanacearum,O3,3.6218999999999e-4,-0.15331275642363,0.36225709319114685
Reduced model (430),5,SZSG_UV,Shigella_dysenteriae,UV,0.016040098,0.455633253235949,0.3086048364639282
Reduced model (430),5,JXQ_O3,Shigella_dysenteriae,O3,0.035455528,0.511154928515913,0.305176317691803
Reduced model (430),5,JXQ_Cl,Shigella_sonnei,Cl,0.038705439,-0.142494063441341,0.07514341175556183
Reduced model (430),5,SZFX_UV,Staphylococcus_aureus,UV,2.14081e-4,0.0654150420790086,0.2753417193889618
Reduced model (430),5,GBD_UF,Staphylococcus_aureus,UF,3.88465e-4,0.608925855379077,0.17816029489040375
Reduced model (430),5,BXH_O3_Cl,Staphylococcus_aureus,O3_Cl,2.16208e-4,0.323681646513572,0.3057560622692108
Reduced model (430),5,WFSW_UV,Vibrio_cholerae,UV,8.73523e-4,0.0702193628697386,0.1296200305223465
Reduced model (430),5,SZSG_UV_Cl,Vibrio_cholerae,UV_Cl,1.29518e-4,-0.0798831161039987,0.4823714792728424
Reduced model (430),6,SZSG_UV,Acinetobacter_lwoffii,UV,0.013720696,0.479766932952668,0.4482209384441376
Reduced model (430),6,JXQ_O3,Aeromonas_caviae,O3,0.237731295,0.348112815172126,0.11105702817440033
Reduced model (430),6,HBZZ_East_Cl,Aeromonas_hydrophila,Cl,9.73559e-4,0.229673719743763,-0.018763791769742966
Reduced model (430),6,GBD_UF,Aeromonas_hydrophila,UF,0.064722387,0.444026332647125,0.5357066988945007
Reduced model (430),6,HBZZ_East_O3,Aliarcobacter_cryaerophilus,O3,0.008211199,1.25179490817355,0.27542269229888916
Reduced model (430),6,SZSG_UV,Bacteroides_fragilis,UV,0.010194212,0.494025482786542,0.27438148856163025
Reduced model (430),6,SZBH_UV_Cl,Bacteroides_fragilis,UV_Cl,0.047620428,1.76357864785588,0.3140960931777954
Reduced model (430),6,BXH_O3_Cl,Bacteroides_fragilis,O3_Cl,0.003583379,0.0969672922397954,0.20073406398296356
Reduced model (430),6,SZSG_UV,Chryseobacterium_gleum,UV,0.246583173,0.630302053032279,0.3400791883468628
Reduced model (430),6,SZSG_UV_Cl,Chryseobacterium_gleum,UV_Cl,0.037955842,-0.546409300724642,-0.30735087394714355
Reduced model (430),6,SZBH_UV_Cl,Chryseobacterium_gleum,UV_Cl,0.049605365,0.772476880127369,0.14092318713665009
Reduced model (430),6,HBZZ_West_Cl,Chryseobacterium_gleum,Cl,0.005590502,-0.185868814901772,-0.12348222732543945
Reduced model (430),6,GBD_O3,Chryseobacterium_gleum,O3,0.158709384,0.309771527390528,0.3739320933818817
Reduced model (430),6,HBZZ_East_Cl,Enterobacter_spp.,Cl,0.001452421,0.112480090841042,0.23633894324302673
Reduced model (430),6,BXH_O3_Cl,Enterobacter_spp.,O3_Cl,0.005547272,0.263719256003539,-0.10762448608875275
Reduced model (430),6,JXQ_O3,Escherichia_coli,O3,0.053173147,0.230128591586561,0.26177579164505005
Reduced model (430),6,HBZZ_East_O3,Klebsiella_pneumoniae,O3,0.010257074,-0.126724433476463,0.12273067981004715
Reduced model (430),6,CZSC_UV,Klebsiella_pneumoniae,UV,0.038668347,0.308476797865379,0.3917419910430908
Reduced model (430),6,WFSW_UV,Laribacter_hongkongensis,UV,0.01215925,-0.10360349177606,-0.10972494632005692
Reduced model (430),6,JXQ_Cl,Laribacter_hongkongensis,Cl,0.06311885,0.106103162485845,-0.029971860349178314
Reduced model (430),6,GBD_O3,Laribacter_hongkongensis,O3,0.09481765,-0.0340352310214161,0.25718948245048523
Reduced model (430),6,JXQ_O3,Legionella_longbeachae,O3,7.43765e-4,0.348792359094261,0.14253899455070496
Reduced model (430),6,JXQ_Cl,Mycobacterium_kansasii,Cl,6.97862e-5,0.342207606402825,0.2587965726852417
Reduced model (430),6,GBD_UF,Mycobacterium_kansasii,UF,4.45172e-4,0.410567281808436,0.5296357274055481
Reduced model (430),6,CZSC_UV,Mycobacterium_kansasii,UV,3.08641e-5,-6.72246545656289e-4,0.255851149559021
Reduced model (430),6,GBD_UF,Mycobacterium_xenopi,UF,6.07395e-4,0.383608934525472,0.4069673418998718
Reduced model (430),6,SZSG_UV_Cl,Nocardia_brasiliensis,UV_Cl,6.34211e-4,-0.0742972936908122,0.2279590219259262
Reduced model (430),6,SZFX_UV,Nocardia_brasiliensis,UV,3.99529e-5,-0.157757026885343,0.1901470273733139
Reduced model (430),6,BXH_O3_Cl,Nocardia_brasiliensis,O3_Cl,6.21005e-4,1.11223903058714,0.24198180437088013
Reduced model (430),6,HBZZ_East_O3,Nocardia_farcinica,O3,8.15912e-4,1.22734457709078,0.3296627104282379
Reduced model (430),6,JXQ_Cl,Pseudomonas_aeruginosa,Cl,9.87325e-4,0.207421419146251,0.15537919104099274
Reduced model (430),6,SZSG_UV,Pseudomonas_alcaligenes,UV,0.032752839,0.39233670528951,0.12578926980495453
Reduced model (430),6,HBZZ_East_O3,Pseudomonas_alcaligenes,O3,0.140916255,-1.91971159277378,-1.4021580219268799
Reduced model (430),6,SZSG_UV,Pseudomonas_mendocina,UV,4.06889e-4,0.408220548175397,0.2488960176706314
Reduced model (430),6,SZFX_UV,Pseudomonas_mendocina,UV,6.94466e-4,0.0320799090761748,0.30777889490127563
Reduced model (430),6,SZSG_UV_Cl,Pseudomonas_putida,UV_Cl,0.021834421,0.272741926671126,0.14389576017856598
Reduced model (430),6,HBZZ_West_Cl,Pseudomonas_putida,Cl,9.17699e-4,0.340971076263739,0.06448179483413696
Reduced model (430),6,SZBH_UV_Cl,Ralstonia_solanacearum,UV_Cl,5.09019e-4,0.1955063372476,-0.3583841323852539
Reduced model (430),6,SZBH_UV_Cl,Shigella_boydii,UV_Cl,0.071888681,0.718069143812771,0.21077871322631836
Reduced model (430),6,GBD_O3,Shigella_boydii,O3,0.118815519,0.0494238115809076,0.37014728784561157
Reduced model (430),6,JXQ_Cl,Staphylococcus_aureus,Cl,3.36717e-4,0.199020051187768,0.2064092755317688
Reduced model (430),6,CZSC_UV,Staphylococcus_aureus,UV,4.94442e-4,0.273266927064757,0.09606454521417618
Reduced model (430),6,SZBH_UV_Cl,Vibrio_cholerae,UV_Cl,1.1647e-4,0.0230390044389058,0.3075821101665497
Reduced model (430),7,SZSG_UV,Achromobacter_xylosoxidans,UV,0.007879345,0.406940347092864,0.26054802536964417
Reduced model (430),7,HBZZ_East_O3,Achromobacter_xylosoxidans,O3,0.017236383,0.546610350071632,0.4310669004917145
Reduced model (430),7,GBD_UV_Cl,Achromobacter_xylosoxidans,UV_Cl,0.017423576,-0.306882626090294,-0.025588607415556908
Reduced model (430),7,GBD_UF,Achromobacter_xylosoxidans,UF,0.007125647,0.482534816986523,0.4198046922683716
Reduced model (430),7,GBD_UF,Acinetobacter_lwoffii,UF,0.021544735,0.38489892973477,0.38683781027793884
Reduced model (430),7,BXH_O3_Cl,Aliarcobacter_cryaerophilus,O3_Cl,0.144519385,1.04352594598683,0.319509357213974
Reduced model (430),7,GBD_O3,Bordetella_hinzii,O3,0.003248809,-0.0691564958033926,0.01353460643440485
Reduced model (430),7,SZFX_UV,Chryseobacterium_gleum,UV,0.007569125,0.102609325402152,0.4053240716457367
Reduced model (430),7,HBZZ_East_Cl,Chryseobacterium_gleum,Cl,0.007528368,1.03856465552207,0.5632314085960388
Reduced model (430),7,SZBH_UV_Cl,Cupriavidus_metallidurans,UV_Cl,0.003076754,0.169044384003021,-0.19805292785167694
Reduced model (430),7,HBZZ_West_Cl,Cupriavidus_metallidurans,Cl,0.005404207,0.458016052268938,0.2761290669441223
Reduced model (430),7,CZSC_UV,Cupriavidus_metallidurans,UV,0.001780874,0.278083169435286,0.21416471898555756
Reduced model (430),7,HBZZ_West_Cl,Enterobacter_spp.,Cl,0.001752466,0.431047934011754,0.03543741628527641
Reduced model (430),7,SZFX_UV,Escherichia_coli,UV,0.074182878,0.0182435057708529,0.017449133098125458
Reduced model (430),7,HBZZ_East_O3,Escherichia_coli,O3,0.001400023,0.1777527468501,0.2146267592906952
Reduced model (430),7,SZBH_UV_Cl,Klebsiella_pneumoniae,UV_Cl,0.372522888,0.929622174503541,0.24770447611808777
Reduced model (430),7,SZSG_UV,Laribacter_hongkongensis,UV,0.067064762,0.422990507368227,0.08826910704374313
Reduced model (430),7,SZFX_UV,Laribacter_hongkongensis,UV,0.050044256,-0.0188775458434341,0.0891326516866684
Reduced model (430),7,BXH_O3_Cl,Laribacter_hongkongensis,O3_Cl,0.005447694,0.175417925468772,0.3045676350593567
Reduced model (430),7,SZSG_UV_Cl,Legionella_pneumophila,UV_Cl,0.001169209,-0.276341637021119,0.28648459911346436
Reduced model (430),7,HBZZ_East_Cl,Legionella_pneumophila,Cl,3.12689e-4,0.642007147704116,0.23697389662265778
Reduced model (430),7,SZSG_UV_Cl,Mycobacterium_kansasii,UV_Cl,0.004027685,-0.115704800764749,-0.04669802635908127
Reduced model (430),7,GBD_O3,Mycobacterium_kansasii,O3,8.76813e-4,-0.220397811867884,0.04252716898918152
Reduced model (430),7,WFSW_UV,Nocardia_brasiliensis,UV,2.77544e-5,-0.342076796222754,0.047054555267095566
Reduced model (430),7,HBZZ_Song_O3,Nocardia_brasiliensis,O3,2.92317e-4,0.120197569996167,0.4609096348285675
Reduced model (430),7,JXQ_O3,Nocardia_farcinica,O3,2.56661e-4,0.274300357703101,0.42431747913360596
Reduced model (430),7,JXQ_Cl,Nocardia_farcinica,Cl,1.91344e-4,0.436877489044083,0.0992184653878212
Reduced model (430),7,HBZZ_West_Cl,Nocardia_farcinica,Cl,1.62261e-4,0.34469577685481,0.0647960975766182
Reduced model (430),7,GBD_UF,Nocardia_farcinica,UF,7.33431e-4,0.113943518511943,0.48092928528785706
Reduced model (430),7,WFSW_UV,Pseudomonas_aeruginosa,UV,5.06513e-4,-0.134229327031295,0.18525278568267822
Reduced model (430),7,SZSG_UV,Pseudomonas_aeruginosa,UV,7.41012e-4,0.398830156745806,0.44095227122306824
Reduced model (430),7,SZSG_UV_Cl,Pseudomonas_alcaligenes,UV_Cl,0.064836638,-0.22872194074083,-0.23135226964950562
Reduced model (430),7,BXH_O3_Cl,Pseudomonas_alcaligenes,O3_Cl,0.792669141,0.610321634176971,0.8876311779022217
Reduced model (430),7,JXQ_O3,Pseudomonas_mendocina,O3,1.04235e-4,0.451432932572321,0.20775415003299713
Reduced model (430),7,HBZZ_East_O3,Pseudomonas_mendocina,O3,0.001342212,-0.130020109213719,0.09079089015722275
Reduced model (430),7,HBZZ_Song_O3,Pseudomonas_putida,O3,6.66916e-4,-0.0314605682944755,0.39571449160575867
Reduced model (430),7,SZSG_UV_Cl,Ralstonia_solanacearum,UV_Cl,0.002343837,0.123612179998117,0.12708720564842224
Reduced model (430),7,CZSC_UV,Ralstonia_solanacearum,UV,1.25492e-4,0.243073812441783,0.048809777945280075
Reduced model (430),7,JXQ_Cl,Shigella_boydii,Cl,0.064476453,-0.142494063441341,-0.012515007518231869
Reduced model (430),7,SZBH_UV_Cl,Shigella_dysenteriae,UV_Cl,0.044007577,0.503907222862706,0.6703963279724121
Reduced model (430),7,SZSG_UV,Staphylococcus_aureus,UV,2.97729e-4,0.529573663912566,-0.04882017895579338
Reduced model (430),7,GBD_O3,Staphylococcus_aureus,O3,3.78541e-4,0.116184088654691,0.29564404487609863
Reduced model (430),8,SZFX_UV,Achromobacter_xylosoxidans,UV,0.003700538,0.0219989770546242,0.16904698312282562
Reduced model (430),8,SZBH_UV_Cl,Achromobacter_xylosoxidans,UV_Cl,0.013324312,0.435390434281246,0.5938270092010498
Reduced model (430),8,HBZZ_West_Cl,Achromobacter_xylosoxidans,Cl,0.022303197,0.498099959668534,1.02143394947052
Reduced model (430),8,SZFX_UV,Acinetobacter_lwoffii,UV,0.013243668,-0.00199919764260475,-0.009818743914365768
Reduced model (430),8,JXQ_Cl,Acinetobacter_lwoffii,Cl,0.021740591,0.329818647639967,0.3394978642463684
Reduced model (430),8,BXH_O3_Cl,Acinetobacter_lwoffii,O3_Cl,0.021537365,0.562951643168824,0.8935277462005615
Reduced model (430),8,SZSG_UV_Cl,Aeromonas_caviae,UV_Cl,0.013195847,-1.133069086892,-1.7792860269546509
Reduced model (430),8,SZFX_UV,Aeromonas_caviae,UV,0.179762066,-0.0405753498207999,-0.05448940768837929
Reduced model (430),8,CZSC_UV,Aeromonas_caviae,UV,0.225163645,0.399019294723587,0.39125168323516846
Reduced model (430),8,BXH_O3_Cl,Aeromonas_caviae,O3_Cl,0.169730318,0.337188631562389,0.3901074528694153
Reduced model (430),8,WFSW_UV,Aeromonas_hydrophila,UV,0.020279493,-0.0579541940951598,0.07265517860651016
Reduced model (430),8,HBZZ_West_Cl,Aeromonas_hydrophila,Cl,0.002889904,0.627072520126141,-0.025440089404582977
Reduced model (430),8,HBZZ_Song_O3,Aeromonas_hydrophila,O3,0.142503617,0.231424814561308,0.41587817668914795
Reduced model (430),8,GBD_UV_Cl,Aeromonas_hydrophila,UV_Cl,0.092475879,-0.329458945750232,-0.2819157838821411
Reduced model (430),8,GBD_O3,Aeromonas_hydrophila,O3,0.1019225,0.00415411135535741,0.15450425446033478
Reduced model (430),8,SZFX_UV,Aliarcobacter_cryaerophilus,UV,0.232427882,0.0603385234178648,0.12388066947460175
Reduced model (430),8,HBZZ_Song_O3,Aliarcobacter_cryaerophilus,O3,0.060802337,0.302421904667036,0.2636476457118988
Reduced model (430),8,GBD_UV_Cl,Aliarcobacter_cryaerophilus,UV_Cl,0.391549276,0.169554209855244,0.6250302791595459
Reduced model (430),8,SZSG_UV_Cl,Bacteroides_fragilis,UV_Cl,8.83492e-4,-0.321722790364958,-0.1122012808918953
Reduced model (430),8,HBZZ_East_Cl,Bacteroides_fragilis,Cl,1.07217e-4,0.736970290552379,0.28658527135849
Reduced model (430),8,WFSW_UV,Chryseobacterium_gleum,UV,8.36033e-4,0.104311921785748,0.25831350684165955
Reduced model (430),8,HBZZ_Song_O3,Cupriavidus_metallidurans,O3,0.005472602,-0.177144165569531,-0.1909666359424591
Reduced model (430),8,GBD_UF,Cupriavidus_metallidurans,UF,0.002236019,0.512651860764269,0.3067278265953064
Reduced model (430),8,WFSW_UV,Escherichia_coli,UV,0.027647997,0.162506153547683,0.09072365611791611
Reduced model (430),8,SZBH_UV_Cl,Escherichia_coli,UV_Cl,0.060191631,0.608014596993445,0.7432372570037842
Reduced model (430),8,GBD_UF,Klebsiella_pneumoniae,UF,0.131845397,0.554828161082353,0.6055507063865662
Reduced model (430),8,GBD_O3,Klebsiella_pneumoniae,O3,0.140619803,0.087108735259346,0.16804175078868866
Reduced model (430),8,HBZZ_East_O3,Laribacter_hongkongensis,O3,0.001298907,1.08361603471089,0.32613542675971985
Reduced model (430),8,SZFX_UV,Legionella_longbeachae,UV,0.001014182,0.00473856239637504,0.05034874752163887
Reduced model (430),8,JXQ_Cl,Legionella_longbeachae,Cl,6.90984e-4,0.184811160404028,0.41545790433883667
Reduced model (430),8,GBD_O3,Legionella_pneumophila,O3,0.00108649,-0.257110800695665,0.07807056605815887
Reduced model (430),8,SZBH_UV_Cl,Mycobacterium_xenopi,UV_Cl,2.68282e-4,0.914323000557376,0.011450354009866714
Reduced model (430),8,HBZZ_Song_O3,Nocardia_farcinica,O3,9.02684e-4,0.123097775045624,0.7395689487457275
Reduced model (430),8,HBZZ_East_Cl,Nocardia_farcinica,Cl,2.12957e-4,0.0348484992523018,-0.285944402217865
Reduced model (430),8,GBD_UF,Pseudomonas_alcaligenes,UF,0.02906358,0.426224942871011,0.4018750786781311
Reduced model (430),8,GBD_O3,Pseudomonas_putida,O3,6.22899e-4,-0.0823402716717467,0.16831935942173004
Reduced model (430),8,CZSC_UV,Pseudomonas_putida,UV,0.001052349,0.137734262899213,-0.05379106476902962
Reduced model (430),8,HBZZ_Song_O3,Ralstonia_solanacearum,O3,0.001746938,-0.234272968548807,-0.3100445568561554
Reduced model (430),8,SZFX_UV,Shigella_dysenteriae,UV,0.048573432,0.131694199784285,0.07887712866067886
Reduced model (430),8,JXQ_Cl,Shigella_dysenteriae,Cl,0.034634757,-0.0824961337660555,0.11361748725175858
Reduced model (430),8,SZSG_UV_Cl,Staphylococcus_aureus,UV_Cl,6.24521e-4,-0.404253148429998,0.3104623258113861
Reduced model (430),9,BXH_O3_Cl,Achromobacter_xylosoxidans,O3_Cl,0.020239584,0.0471637860828301,0.3789413869380951
Reduced model (430),9,HBZZ_West_Cl,Acinetobacter_lwoffii,Cl,0.004858704,-0.498096342939259,-0.48697856068611145
Reduced model (430),9,HBZZ_East_Cl,Acinetobacter_lwoffii,Cl,0.023183293,0.537910926477916,0.2563345432281494
Reduced model (430),9,HBZZ_East_O3,Aeromonas_caviae,O3,0.008940634,0.31604657847993,0.4156154990196228
Reduced model (430),9,SZSG_UV,Aeromonas_hydrophila,UV,0.28035253,0.487435669347986,0.4696007966995239
Reduced model (430),9,SZFX_UV,Aeromonas_hydrophila,UV,0.823149289,0.0468300417414112,0.08441424369812012
Reduced model (430),9,SZSG_UV_Cl,Aliarcobacter_cryaerophilus,UV_Cl,0.010541943,0.0136977091030645,0.2929639518260956
Reduced model (430),9,HBZZ_East_Cl,Cupriavidus_metallidurans,Cl,0.003490166,0.759325711190797,0.6750579476356506
Reduced model (430),9,GBD_UV_Cl,Cupriavidus_metallidurans,UV_Cl,0.003094722,-0.247249538255513,-0.23933145403862
Reduced model (430),9,SZSG_UV_Cl,Enterobacter_spp.,UV_Cl,0.00321099,-1.51055246347125,0.06381188333034515
Reduced model (430),9,SZFX_UV,Enterobacter_spp.,UV,0.012237562,0.0100476764650973,-0.12980589270591736
Reduced model (430),9,CZSC_UV,Enterobacter_spp.,UV,0.015921504,0.230321519995161,0.1526717096567154
Reduced model (430),9,HBZZ_Song_O3,Escherichia_coli,O3,0.024555265,0.152693599957915,0.3337116241455078
Reduced model (430),9,GBD_UV_Cl,Escherichia_coli,UV_Cl,0.068027991,-0.177763375259449,0.029572177678346634
Reduced model (430),9,GBD_UF,Escherichia_coli,UF,0.089363231,0.779584474089292,0.521216869354248
Reduced model (430),9,BXH_O3_Cl,Escherichia_coli,O3_Cl,0.008814355,0.294297633901822,0.35402873158454895
Reduced model (430),9,WFSW_UV,Klebsiella_pneumoniae,UV,0.049854795,0.0687160795955978,0.0888412743806839
Reduced model (430),9,JXQ_O3,Klebsiella_pneumoniae,O3,0.058895642,0.383120332188626,0.2635085880756378
Reduced model (430),9,GBD_UV_Cl,Klebsiella_pneumoniae,UV_Cl,0.108161945,-0.18725911871416,0.016765261068940163
Reduced model (430),9,HBZZ_Song_O3,Laribacter_hongkongensis,O3,0.005416507,-0.402802957920456,0.15387506783008575
Reduced model (430),9,HBZZ_West_Cl,Legionella_longbeachae,Cl,1.81483e-4,-0.0737222271349634,0.25711312890052795
Reduced model (430),9,HBZZ_Song_O3,Legionella_longbeachae,O3,0.005644037,0.360911821537575,0.4759756326675415
Reduced model (430),9,HBZZ_Song_O3,Legionella_pneumophila,O3,0.011604969,0.369327478156221,0.3486064672470093
Reduced model (430),9,HBZZ_Song_O3,Mycobacterium_kansasii,O3,5.69997e-4,0.273980357228435,0.3519013822078705
Reduced model (430),9,HBZZ_East_O3,Mycobacterium_kansasii,O3,4.435e-4,0.586333539585307,-0.09069348871707916
Reduced model (430),9,HBZZ_East_Cl,Mycobacterium_xenopi,Cl,2.66568e-4,-0.33584810360854,0.013004384934902191
Reduced model (430),9,SZSG_UV,Nocardia_brasiliensis,UV,2.51804e-5,0.323236324177169,0.09122215956449509
Reduced model (430),9,CZSC_UV,Nocardia_brasiliensis,UV,3.7267e-5,0.174260752326694,0.06665770709514618
Reduced model (430),9,WFSW_UV,Nocardia_farcinica,UV,6.32515e-5,-0.336317264142797,0.08636276423931122
Reduced model (430),9,SZSG_UV_Cl,Pseudomonas_aeruginosa,UV_Cl,0.008879217,0.0823862114665,0.3333190977573395
Reduced model (430),9,JXQ_O3,Pseudomonas_alcaligenes,O3,0.019449176,0.463143116505949,0.3486064672470093
Reduced model (430),9,WFSW_UV,Pseudomonas_mendocina,UV,8.59381e-4,-0.194392851266775,0.11315867304801941
Reduced model (430),9,SZSG_UV,Pseudomonas_putida,UV,6.07631e-4,0.406885135445753,0.16087715327739716
Reduced model (430),9,GBD_UF,Pseudomonas_putida,UF,6.78935e-4,0.491184284512267,0.30457597970962524
Reduced model (430),9,HBZZ_West_Cl,Ralstonia_solanacearum,Cl,0.003353918,0.36960703526513,0.5900475382804871
Reduced model (430),9,GBD_UV_Cl,Shigella_boydii,UV_Cl,0.081813858,-0.084141314866973,0.08228804171085358
Reduced model (430),9,GBD_O3,Shigella_dysenteriae,O3,0.065400601,-0.229699296894413,0.25501230359077454
Reduced model (430),9,HBZZ_West_Cl,Shigella_sonnei,Cl,8.18182e-4,1.16107882118068,0.5383049845695496
Reduced model (430),9,WFSW_UV,Staphylococcus_aureus,UV,1.6446e-4,0.117575368877583,0.2560087740421295
Reduced model (430),9,GBD_UV_Cl,Staphylococcus_aureus,UV_Cl,5.14645e-4,-0.015122176074761,0.5141068696975708
Reduced model (430),10,HBZZ_Song_O3,Achromobacter_xylosoxidans,O3,0.008061611,-0.182096634665403,-0.11820356547832489
Reduced model (430),10,HBZZ_Song_O3,Acinetobacter_lwoffii,O3,0.00384116,0.179047214700831,0.0883684903383255
Reduced model (430),10,CZSC_UV,Aeromonas_hydrophila,UV,0.036174704,0.320137734508018,0.3462871313095093
Reduced model (430),10,WFSW_UV,Aliarcobacter_cryaerophilus,UV,0.34821044,0.316389441500077,0.46658939123153687
Reduced model (430),10,JXQ_Cl,Aliarcobacter_cryaerophilus,Cl,0.282831991,-0.1252200186754,-0.32466670870780945
Reduced model (430),10,WFSW_UV,Bordetella_hinzii,UV,0.002915246,-0.17313508164799,-0.13417989015579224
Reduced model (430),10,SZBH_UV_Cl,Bordetella_hinzii,UV_Cl,0.004119767,0.57312726637732,0.13455882668495178
Reduced model (430),10,JXQ_O3,Bordetella_hinzii,O3,0.002762471,0.327060481434102,0.49819415807724
Reduced model (430),10,HBZZ_East_Cl,Bordetella_hinzii,Cl,0.00477239,0.855731667393835,0.3588447868824005
Reduced model (430),10,JXQ_O3,Chryseobacterium_gleum,O3,0.005360673,0.179172599041022,0.22738218307495117
Reduced model (430),10,GBD_UV_Cl,Chryseobacterium_gleum,UV_Cl,0.087316139,0.572981384662833,0.5848695039749146
Reduced model (430),10,SZSG_UV_Cl,Cupriavidus_metallidurans,UV_Cl,0.004531303,0.211038989250916,0.05167285352945328
Reduced model (430),10,SZSG_UV,Enterobacter_spp.,UV,0.007223455,0.406222209409191,0.2707862854003906
Reduced model (430),10,SZSG_UV_Cl,Escherichia_coli,UV_Cl,0.00290829,-1.16105899016014,-0.5349156856536865
Reduced model (430),10,HBZZ_East_Cl,Laribacter_hongkongensis,Cl,0.001256146,1.2353706416563,0.20881938934326172
Reduced model (430),10,GBD_UF,Laribacter_hongkongensis,UF,0.073845765,0.505225753710434,0.5083365440368652
Reduced model (430),10,GBD_O3,Legionella_longbeachae,O3,4.26593e-4,-0.238337440841054,0.30731919407844543
Reduced model (430),10,BXH_O3_Cl,Legionella_pneumophila,O3_Cl,0.001736213,0.128534589631612,0.4745926260948181
Reduced model (430),10,HBZZ_East_Cl,Mycobacterium_kansasii,Cl,0.001884533,-0.0181522611724937,-0.07898753136396408
Reduced model (430),10,GBD_UV_Cl,Mycobacterium_kansasii,UV_Cl,0.004970939,-0.219664007629004,-0.10105124861001968
Reduced model (430),10,WFSW_UV,Mycobacterium_xenopi,UV,4.89343e-5,-0.312952259773994,-0.08411138504743576
Reduced model (430),10,JXQ_Cl,Mycobacterium_xenopi,Cl,2.06781e-4,0.273701912070649,0.5553393363952637
Reduced model (430),10,HBZZ_East_O3,Mycobacterium_xenopi,O3,3.18549e-4,0.922179477699535,0.3774122893810272
Reduced model (430),10,GBD_O3,Mycobacterium_xenopi,O3,7.04121e-4,-0.0681699512453105,0.2392297089099884
Reduced model (430),10,BXH_O3_Cl,Mycobacterium_xenopi,O3_Cl,0.001170426,0.36344959342013,0.3084481656551361
Reduced model (430),10,SZBH_UV_Cl,Nocardia_brasiliensis,UV_Cl,2.86497e-5,0.822393425223151,-0.04972928389906883
Reduced model (430),10,SZFX_UV,Nocardia_farcinica,UV,2.63972e-4,-0.314055119784784,0.16496072709560394
Reduced model (430),10,CZSC_UV,Nocardia_farcinica,UV,6.15033e-5,0.20255660451278,-0.02618453837931156
Reduced model (430),10,SZFX_UV,Pseudomonas_aeruginosa,UV,4.8576e-4,0.0240239685047495,0.57135772705078125
Reduced model (430),10,JXQ_Cl,Pseudomonas_mendocina,Cl,8.93443e-5,0.106637070904687,0.1639113575220108
Reduced model (430),10,GBD_UF,Pseudomonas_mendocina,UF,6.01027e-4,0.426180286207272,0.5010443925857544
Reduced model (430),10,WFSW_UV,Pseudomonas_putida,UV,8.02703e-4,-0.236850771698166,0.2860613167285919
Reduced model (430),10,JXQ_Cl,Pseudomonas_putida,Cl,5.61664e-4,0.143367340895916,0.22332796454429626
Reduced model (430),10,WFSW_UV,Ralstonia_solanacearum,UV,2.20243e-4,-0.206003622152865,0.11424888670444489
Reduced model (430),10,SZFX_UV,Ralstonia_solanacearum,UV,4.76651e-4,-0.00593553246236884,0.49800530076026917
Reduced model (430),10,SZBH_UV_Cl,Shigella_sonnei,UV_Cl,0.047917491,-0.270522840517999,0.6490455865859985
Reduced model (430),10,JXQ_O3,Shigella_sonnei,O3,0.04339066,0.395761509813844,0.3170973062515259
Reduced model (430),10,GBD_UV_Cl,Shigella_sonnei,UV_Cl,0.051581688,-0.400020431569873,0.004650486633181572
Reduced model (430),10,GBD_O3,Shigella_sonnei,O3,0.076042636,0.276856786936626,0.20113763213157654
Reduced model (430),10,JXQ_O3,Vibrio_cholerae,O3,7.17667e-5,0.343861187539113,0.26819366216659546
