Model,Site,Pathogen,Disinfection_Type,breadth_inf,Observed_LRV,Predicted_LRV
Full model (243),WFSW_UV,Achromobacter_xylosoxidans,UV,0.007487138,-0.254661249955602,-0.11670301109552383
Full model (243),SZSG_UV,Achromobacter_xylosoxidans,UV,0.007879345,0.406940347092864,0.3402157127857208
Full model (243),SZSG_UV_Cl,Achromobacter_xylosoxidans,UV_Cl,0.004840212,-0.00510671703628393,-0.17247037589550018
Full model (243),SZBH_UV_Cl,Achromobacter_xylosoxidans,UV_Cl,0.013324312,0.435390434281246,0.4650271534919739
Full model (243),JXQ_O3,Achromobacter_xylosoxidans,O3,0.009014238,0.43764756342923,0.41177043318748474
Full model (243),JXQ_Cl,Achromobacter_xylosoxidans,Cl,0.004680113,0.108492842608694,0.2347015142440796
Full model (243),HBZZ_West_Cl,Achromobacter_xylosoxidans,Cl,0.022303197,0.498099959668534,0.7137979865074158
Full model (243),HBZZ_Song_O3,Achromobacter_xylosoxidans,O3,0.008061611,-0.182096634665403,-0.16436263918876648
Full model (243),HBZZ_East_O3,Achromobacter_xylosoxidans,O3,0.017236383,0.546610350071632,0.5095819234848022
Full model (243),HBZZ_East_Cl,Achromobacter_xylosoxidans,Cl,0.015625104,0.779731744640804,0.7616478204727173
Full model (243),GBD_UV_Cl,Achromobacter_xylosoxidans,UV_Cl,0.017423576,-0.306882626090294,-0.25358086824417114
Full model (243),GBD_UF,Achromobacter_xylosoxidans,UF,0.007125647,0.482534816986523,0.5145410895347595
Full model (243),GBD_O3,Achromobacter_xylosoxidans,O3,0.009095954,-0.243879039646363,-0.1308841109275818
Full model (243),CZSC_UV,Achromobacter_xylosoxidans,UV,0.00503349,0.202941119509236,0.24938352406024933
Full model (243),BXH_O3_Cl,Achromobacter_xylosoxidans,O3_Cl,0.020239584,0.0471637860828301,0.15631256997585297
Full model (243),WFSW_UV,Acinetobacter_lwoffii,UV,0.016460413,-0.174125990081965,-0.07172643393278122
Full model (243),SZSG_UV,Acinetobacter_lwoffii,UV,0.013720696,0.479766932952668,0.460074782371521
Full model (243),SZSG_UV_Cl,Acinetobacter_lwoffii,UV_Cl,0.041997947,0.202694398030814,0.27145907282829285
Full model (243),SZFX_UV,Acinetobacter_lwoffii,UV,0.013243668,-0.00199919764260475,0.09936696290969849
Full model (243),SZBH_UV_Cl,Acinetobacter_lwoffii,UV_Cl,0.050463124,0.762781944091042,0.7667604684829712
Full model (243),JXQ_O3,Acinetobacter_lwoffii,O3,0.01968396,0.298112900570108,0.03882209584116936
Full model (243),JXQ_Cl,Acinetobacter_lwoffii,Cl,0.021740591,0.329818647639967,0.34490981698036194
Full model (243),HBZZ_West_Cl,Acinetobacter_lwoffii,Cl,0.004858704,-0.498096342939259,-0.43807733058929443
Full model (243),HBZZ_Song_O3,Acinetobacter_lwoffii,O3,0.00384116,0.179047214700831,0.06548619270324707
Full model (243),HBZZ_East_O3,Acinetobacter_lwoffii,O3,0.004767721,0.0478598103573263,0.08124639093875885
Full model (243),HBZZ_East_Cl,Acinetobacter_lwoffii,Cl,0.023183293,0.537910926477916,0.37655699253082275
Full model (243),GBD_UV_Cl,Acinetobacter_lwoffii,UV_Cl,0.034936075,-0.347030627013962,-0.33175885677337646
Full model (243),GBD_UF,Acinetobacter_lwoffii,UF,0.021544735,0.38489892973477,0.42134252190589905
Full model (243),GBD_O3,Acinetobacter_lwoffii,O3,0.028588751,-0.0559493933797291,0.026975633576512337
Full model (243),CZSC_UV,Acinetobacter_lwoffii,UV,0.321161441,-1.25533069835019,-1.401265025138855
Full model (243),BXH_O3_Cl,Acinetobacter_lwoffii,O3_Cl,0.021537365,0.562951643168824,0.6276259422302246
Full model (243),WFSW_UV,Aeromonas_caviae,UV,0.082447767,-0.127779432064577,-0.024448823183774948
Full model (243),SZSG_UV,Aeromonas_caviae,UV,0.186188167,0.390873266145242,0.20400160551071167
Full model (243),SZFX_UV,Aeromonas_caviae,UV,0.179762066,-0.0405753498207999,-0.004908003844320774
Full model (243),SZBH_UV_Cl,Aeromonas_caviae,UV_Cl,0.507034238,1.30224922365922,1.2079812288284302
Full model (243),JXQ_O3,Aeromonas_caviae,O3,0.237731295,0.348112815172126,0.2103281468153
Full model (243),JXQ_Cl,Aeromonas_caviae,Cl,0.283860719,0.241404013962203,0.3126167953014374
Full model (243),GBD_UV_Cl,Aeromonas_caviae,UV_Cl,0.516127724,-0.295621534802281,-0.23724541068077087
Full model (243),GBD_UF,Aeromonas_caviae,UF,0.536933238,0.496983861064114,0.4275996685028076
Full model (243),GBD_O3,Aeromonas_caviae,O3,0.624391318,0.117606508849514,0.10472622513771057
Full model (243),CZSC_UV,Aeromonas_caviae,UV,0.225163645,0.399019294723587,0.44187456369400024
Full model (243),BXH_O3_Cl,Aeromonas_caviae,O3_Cl,0.169730318,0.337188631562389,0.3853514492511749
Full model (243),SZSG_UV,Aeromonas_hydrophila,UV,0.28035253,0.487435669347986,0.4649800956249237
Full model (243),SZFX_UV,Aeromonas_hydrophila,UV,0.823149289,0.0468300417414112,0.018368076533079147
Full model (243),SZBH_UV_Cl,Aeromonas_hydrophila,UV_Cl,0.685027637,0.985148791209913,0.8737761974334717
Full model (243),JXQ_Cl,Aeromonas_hydrophila,Cl,0.060086653,0.128136451167224,0.10880237817764282
Full model (243),HBZZ_Song_O3,Aeromonas_hydrophila,O3,0.142503617,0.231424814561308,0.2839279770851135
Full model (243),HBZZ_East_O3,Aeromonas_hydrophila,O3,0.002745736,0.437955210324543,0.27856144309043884
Full model (243),GBD_UV_Cl,Aeromonas_hydrophila,UV_Cl,0.092475879,-0.329458945750232,-0.3389614522457123
Full model (243),GBD_UF,Aeromonas_hydrophila,UF,0.064722387,0.444026332647125,0.42089104652404785
Full model (243),GBD_O3,Aeromonas_hydrophila,O3,0.1019225,0.00415411135535741,0.10834161937236786
Full model (243),CZSC_UV,Aeromonas_hydrophila,UV,0.036174704,0.320137734508018,0.3212736248970032
Full model (243),BXH_O3_Cl,Aeromonas_hydrophila,O3_Cl,0.133760134,0.34206556043514,0.36716926097869873
Full model (243),WFSW_UV,Aliarcobacter_cryaerophilus,UV,0.34821044,0.316389441500077,0.4578825533390045
Full model (243),SZSG_UV,Aliarcobacter_cryaerophilus,UV,0.349033837,0.575909612725165,0.49308255314826965
Full model (243),SZFX_UV,Aliarcobacter_cryaerophilus,UV,0.232427882,0.0603385234178648,0.13153524696826935
Full model (243),SZBH_UV_Cl,Aliarcobacter_cryaerophilus,UV_Cl,0.55294924,2.5116981563767,2.2345049381256104
Full model (243),JXQ_O3,Aliarcobacter_cryaerophilus,O3,0.278074694,0.430593407949759,0.3024914264678955
Full model (243),JXQ_Cl,Aliarcobacter_cryaerophilus,Cl,0.282831991,-0.1252200186754,-0.075893402099609375
Full model (243),GBD_UV_Cl,Aliarcobacter_cryaerophilus,UV_Cl,0.391549276,0.169554209855244,0.28347885608673096
Full model (243),GBD_UF,Aliarcobacter_cryaerophilus,UF,0.447176452,0.482102792054348,0.47860366106033325
Full model (243),GBD_O3,Aliarcobacter_cryaerophilus,O3,0.493465001,0.272091194573098,0.2975654900074005
Full model (243),CZSC_UV,Aliarcobacter_cryaerophilus,UV,0.629210659,0.436096660988315,0.45031827688217163
Full model (243),BXH_O3_Cl,Aliarcobacter_cryaerophilus,O3_Cl,0.144519385,1.04352594598683,0.9181737899780273
Full model (243),WFSW_UV,Bacteroides_fragilis,UV,0.015205182,0.236436552937084,0.36921530961990356
Full model (243),SZSG_UV,Bacteroides_fragilis,UV,0.010194212,0.494025482786542,0.3849226236343384
Full model (243),SZFX_UV,Bacteroides_fragilis,UV,0.068742011,0.0652388812535082,0.1149633452296257
Full model (243),JXQ_O3,Bacteroides_fragilis,O3,0.041218307,0.349102786569514,0.10326780378818512
Full model (243),JXQ_Cl,Bacteroides_fragilis,Cl,0.055659423,-0.0517881507938518,-0.054805342108011246
Full model (243),GBD_UV_Cl,Bacteroides_fragilis,UV_Cl,0.034522006,-0.0529174389877858,0.2307877242565155
Full model (243),GBD_UF,Bacteroides_fragilis,UF,0.038303795,0.51283753243116,0.4713885188102722
Full model (243),GBD_O3,Bacteroides_fragilis,O3,0.047745006,0.104191708330086,0.09832151979207993
Full model (243),CZSC_UV,Bacteroides_fragilis,UV,0.057729363,0.296175478281209,0.27425652742385864
Full model (243),WFSW_UV,Bordetella_hinzii,UV,0.002915246,-0.17313508164799,-0.09055721759796143
Full model (243),SZSG_UV,Bordetella_hinzii,UV,0.002419571,0.37967897793781,0.30169978737831116
Full model (243),SZBH_UV_Cl,Bordetella_hinzii,UV_Cl,0.004119767,0.57312726637732,0.5155315399169922
Full model (243),JXQ_O3,Bordetella_hinzii,O3,0.002762471,0.327060481434102,0.3309032917022705
Full model (243),HBZZ_West_Cl,Bordetella_hinzii,Cl,0.005523353,0.394962939090468,0.4628966450691223
Full model (243),HBZZ_Song_O3,Bordetella_hinzii,O3,0.013082649,-0.216591621202493,-0.010920897126197815
Full model (243),HBZZ_East_O3,Bordetella_hinzii,O3,0.004828414,0.691081435070822,0.6156161427497864
Full model (243),HBZZ_East_Cl,Bordetella_hinzii,Cl,0.00477239,0.855731667393835,0.5252023935317993
Full model (243),GBD_UV_Cl,Bordetella_hinzii,UV_Cl,0.003357877,-0.256432579430054,-0.30875444412231445
Full model (243),GBD_UF,Bordetella_hinzii,UF,0.002489105,0.627902865170403,0.5563141107559204
Full model (243),GBD_O3,Bordetella_hinzii,O3,0.003248809,-0.0691564958033926,-0.052432358264923096
Full model (243),BXH_O3_Cl,Bordetella_hinzii,O3_Cl,0.004708021,0.0751283602736658,0.11298370361328125
Full model (243),SZSG_UV,Chryseobacterium_gleum,UV,0.246583173,0.630302053032279,0.41471245884895325
Full model (243),SZSG_UV_Cl,Chryseobacterium_gleum,UV_Cl,0.037955842,-0.546409300724642,-0.4965769052505493
Full model (243),SZBH_UV_Cl,Chryseobacterium_gleum,UV_Cl,0.049605365,0.772476880127369,0.4326323866844177
Full model (243),HBZZ_West_Cl,Chryseobacterium_gleum,Cl,0.005590502,-0.185868814901772,-0.21555769443511963
Full model (243),HBZZ_Song_O3,Chryseobacterium_gleum,O3,0.139732438,0.191449237738158,0.17644751071929932
Full model (243),HBZZ_East_Cl,Chryseobacterium_gleum,Cl,0.007528368,1.03856465552207,0.8015021085739136
Full model (243),GBD_UF,Chryseobacterium_gleum,UF,0.042541617,0.00353341702993415,0.0758923664689064
Full model (243),GBD_O3,Chryseobacterium_gleum,O3,0.158709384,0.309771527390528,0.28732195496559143
Full model (243),BXH_O3_Cl,Chryseobacterium_gleum,O3_Cl,0.007277807,0.794194138174742,0.6938477158546448
Full model (243),WFSW_UV,Cupriavidus_metallidurans,UV,0.002365128,-0.210913504779847,-0.0064636701717972755
Full model (243),SZSG_UV,Cupriavidus_metallidurans,UV,0.002140817,0.392346980338826,0.32611265778541565
Full model (243),SZSG_UV_Cl,Cupriavidus_metallidurans,UV_Cl,0.004531303,0.211038989250916,0.18704484403133392
Full model (243),SZFX_UV,Cupriavidus_metallidurans,UV,0.001540478,0.00725609087626709,0.13342471420764923
Full model (243),SZBH_UV_Cl,Cupriavidus_metallidurans,UV_Cl,0.003076754,0.169044384003021,0.12779641151428223
Full model (243),JXQ_O3,Cupriavidus_metallidurans,O3,0.002609582,0.392823379360403,0.3026430904865265
Full model (243),JXQ_Cl,Cupriavidus_metallidurans,Cl,0.001897377,0.174115265007814,0.16015636920928955
Full model (243),HBZZ_West_Cl,Cupriavidus_metallidurans,Cl,0.005404207,0.458016052268938,0.3560801148414612
Full model (243),HBZZ_Song_O3,Cupriavidus_metallidurans,O3,0.005472602,-0.177144165569531,-0.12211061269044876
Full model (243),HBZZ_East_O3,Cupriavidus_metallidurans,O3,0.003551026,-0.878515195458907,-0.8197044730186462
Full model (243),HBZZ_East_Cl,Cupriavidus_metallidurans,Cl,0.003490166,0.759325711190797,0.6660541892051697
Full model (243),GBD_UV_Cl,Cupriavidus_metallidurans,UV_Cl,0.003094722,-0.247249538255513,-0.31701579689979553
Full model (243),GBD_UF,Cupriavidus_metallidurans,UF,0.002236019,0.512651860764269,0.4188960790634155
Full model (243),GBD_O3,Cupriavidus_metallidurans,O3,0.002841719,-0.118557557375744,-0.10012979060411453
Full model (243),CZSC_UV,Cupriavidus_metallidurans,UV,0.001780874,0.278083169435286,0.2557756006717682
Full model (243),BXH_O3_Cl,Cupriavidus_metallidurans,O3_Cl,0.004096301,0.079793818691315,0.2444826364517212
Full model (243),WFSW_UV,Enterobacter_spp.,UV,0.010248315,0.132992497841262,0.0908915251493454
Full model (243),SZSG_UV,Enterobacter_spp.,UV,0.007223455,0.406222209409191,0.38893553614616394
Full model (243),SZSG_UV_Cl,Enterobacter_spp.,UV_Cl,0.00321099,-1.51055246347125,-1.0771387815475464
Full model (243),SZFX_UV,Enterobacter_spp.,UV,0.012237562,0.0100476764650973,0.0789804756641388
Full model (243),SZBH_UV_Cl,Enterobacter_spp.,UV_Cl,0.031170094,1.25133331239219,0.8491973280906677
Full model (243),JXQ_O3,Enterobacter_spp.,O3,0.015083209,0.390128089958705,0.3402053415775299
Full model (243),JXQ_Cl,Enterobacter_spp.,Cl,0.012255667,-0.0127938583356766,0.03484931215643883
Full model (243),HBZZ_West_Cl,Enterobacter_spp.,Cl,0.001752466,0.431047934011754,0.3675444424152374
Full model (243),HBZZ_Song_O3,Enterobacter_spp.,O3,0.003703267,0.0320882543927179,0.11323442310094833
Full model (243),HBZZ_East_O3,Enterobacter_spp.,O3,0.001860889,0.213948146570221,0.30712342262268066
Full model (243),HBZZ_East_Cl,Enterobacter_spp.,Cl,0.001452421,0.112480090841042,0.11899728327989578
Full model (243),GBD_UV_Cl,Enterobacter_spp.,UV_Cl,0.020948223,-0.159175729179347,0.02666962891817093
Full model (243),GBD_UF,Enterobacter_spp.,UF,0.029653392,0.551378876376469,0.5448802709579468
Full model (243),GBD_O3,Enterobacter_spp.,O3,0.035025722,0.122173697723534,0.11564482003450394
Full model (243),CZSC_UV,Enterobacter_spp.,UV,0.015921504,0.230321519995161,0.23617835342884064
Full model (243),BXH_O3_Cl,Enterobacter_spp.,O3_Cl,0.005547272,0.263719256003539,0.32303550839424133
Full model (243),WFSW_UV,Escherichia_coli,UV,0.027647997,0.162506153547683,0.18188832700252533
Full model (243),SZSG_UV,Escherichia_coli,UV,0.022704784,0.447302593727804,0.3409222960472107
Full model (243),SZFX_UV,Escherichia_coli,UV,0.074182878,0.0182435057708529,0.08259625732898712
Full model (243),SZBH_UV_Cl,Escherichia_coli,UV_Cl,0.060191631,0.608014596993445,0.5644198060035706
Full model (243),JXQ_O3,Escherichia_coli,O3,0.053173147,0.230128591586561,0.26189619302749634
Full model (243),JXQ_Cl,Escherichia_coli,Cl,0.049152146,0.0673672921948384,0.07879164814949036
Full model (243),GBD_UV_Cl,Escherichia_coli,UV_Cl,0.068027991,-0.177763375259449,-0.13625754415988922
Full model (243),GBD_UF,Escherichia_coli,UF,0.089363231,0.779584474089292,0.6176860332489014
Full model (243),GBD_O3,Escherichia_coli,O3,0.09405733,0.114545530008063,0.17723053693771362
Full model (243),CZSC_UV,Escherichia_coli,UV,0.059020011,0.569336801986105,0.5190635919570923
Full model (243),BXH_O3_Cl,Escherichia_coli,O3_Cl,0.008814355,0.294297633901822,0.3672562539577484
Full model (243),WFSW_UV,Klebsiella_pneumoniae,UV,0.049854795,0.0687160795955978,0.04138323292136192
Full model (243),SZSG_UV,Klebsiella_pneumoniae,UV,0.077967774,0.410774766437985,0.33392834663391113
Full model (243),SZSG_UV_Cl,Klebsiella_pneumoniae,UV_Cl,0.008007994,-1.44347450014183,-1.4755734205245972
Full model (243),SZFX_UV,Klebsiella_pneumoniae,UV,0.084681579,0.0078761321823443,0.05886625126004219
Full model (243),SZBH_UV_Cl,Klebsiella_pneumoniae,UV_Cl,0.372522888,0.929622174503541,0.9682596325874329
Full model (243),JXQ_O3,Klebsiella_pneumoniae,O3,0.058895642,0.383120332188626,0.24535760283470154
Full model (243),JXQ_Cl,Klebsiella_pneumoniae,Cl,0.040364309,1.66057243015734e-4,-0.056926578283309937
Full model (243),HBZZ_West_Cl,Klebsiella_pneumoniae,Cl,0.008288161,0.335922359784793,0.441048264503479
Full model (243),HBZZ_Song_O3,Klebsiella_pneumoniae,O3,0.016478299,0.0256076627031804,0.19153432548046112
Full model (243),HBZZ_East_O3,Klebsiella_pneumoniae,O3,0.010257074,-0.126724433476463,-0.09124499559402466
Full model (243),HBZZ_East_Cl,Klebsiella_pneumoniae,Cl,0.006482385,0.142728127912432,0.009683587588369846
Full model (243),GBD_UV_Cl,Klebsiella_pneumoniae,UV_Cl,0.108161945,-0.18725911871416,-0.1294030249118805
Full model (243),GBD_UF,Klebsiella_pneumoniae,UF,0.131845397,0.554828161082353,0.5642639994621277
Full model (243),GBD_O3,Klebsiella_pneumoniae,O3,0.140619803,0.087108735259346,0.15874236822128296
Full model (243),CZSC_UV,Klebsiella_pneumoniae,UV,0.038668347,0.308476797865379,0.375662237405777
Full model (243),BXH_O3_Cl,Klebsiella_pneumoniae,O3_Cl,0.022022511,0.714894662814804,0.4314475953578949
Full model (243),SZSG_UV,Laribacter_hongkongensis,UV,0.067064762,0.422990507368227,0.1698104292154312
Full model (243),HBZZ_West_Cl,Laribacter_hongkongensis,Cl,0.002503611,-0.322703333684996,-0.021206658333539963
Full model (243),HBZZ_East_O3,Laribacter_hongkongensis,O3,0.001298907,1.08361603471089,0.7575562000274658
Full model (243),HBZZ_East_Cl,Laribacter_hongkongensis,Cl,0.001256146,1.2353706416563,0.8971605896949768
Full model (243),GBD_UV_Cl,Laribacter_hongkongensis,UV_Cl,0.09456237,-0.222548060599801,-0.285806268453598
Full model (243),GBD_O3,Laribacter_hongkongensis,O3,0.09481765,-0.0340352310214161,0.14301364123821259
Full model (243),HBZZ_Song_O3,Legionella_longbeachae,O3,0.005644037,0.360911821537575,0.3297864496707916
Full model (243),SZSG_UV_Cl,Mycobacterium_kansasii,UV_Cl,0.004027685,-0.115704800764749,-0.16351237893104553
Full model (243),HBZZ_Song_O3,Mycobacterium_kansasii,O3,5.69997e-4,0.273980357228435,0.24154628813266754
Full model (243),HBZZ_East_Cl,Mycobacterium_kansasii,Cl,0.001884533,-0.0181522611724937,-0.011033916845917702
Full model (243),GBD_UV_Cl,Mycobacterium_kansasii,UV_Cl,0.004970939,-0.219664007629004,-0.08354885876178741
Full model (243),GBD_UF,Mycobacterium_kansasii,UF,4.45172e-4,0.410567281808436,0.38041675090789795
Full model (243),GBD_O3,Mycobacterium_kansasii,O3,8.76813e-4,-0.220397811867884,-0.11560279130935669
Full model (243),BXH_O3_Cl,Mycobacterium_kansasii,O3_Cl,0.004378288,0.210808647371692,0.3033375144004822
Full model (243),GBD_UV_Cl,Mycobacterium_xenopi,UV_Cl,0.001587034,-0.305412692790709,-0.2405792474746704
Full model (243),GBD_UF,Mycobacterium_xenopi,UF,6.07395e-4,0.383608934525472,0.35360094904899597
Full model (243),GBD_O3,Mycobacterium_xenopi,O3,7.04121e-4,-0.0681699512453105,0.00385920493863523
Full model (243),BXH_O3_Cl,Mycobacterium_xenopi,O3_Cl,0.001170426,0.36344959342013,0.35379359126091003
Full model (243),SZSG_UV_Cl,Nocardia_brasiliensis,UV_Cl,6.34211e-4,-0.0742972936908122,-0.03771333023905754
Full model (243),HBZZ_Song_O3,Nocardia_brasiliensis,O3,2.92317e-4,0.120197569996167,0.10627519339323044
Full model (243),GBD_UV_Cl,Nocardia_brasiliensis,UV_Cl,3.79945e-4,-0.594918111940188,-0.34734705090522766
Full model (243),GBD_O3,Nocardia_brasiliensis,O3,4.94096e-4,0.634061534859818,0.31479910016059875
Full model (243),HBZZ_Song_O3,Nocardia_farcinica,O3,9.02684e-4,0.123097775045624,0.1935906857252121
Full model (243),GBD_UV_Cl,Nocardia_farcinica,UV_Cl,0.001299834,-0.570844388224825,-0.33161023259162903
Full model (243),GBD_UF,Nocardia_farcinica,UF,7.33431e-4,0.113943518511943,0.31382742524147034
Full model (243),GBD_O3,Nocardia_farcinica,O3,0.001377865,0.558603199615157,0.3848254978656769
Full model (243),BXH_O3_Cl,Nocardia_farcinica,O3_Cl,0.001176827,1.06442030224855,0.8864298462867737
Full model (243),SZBH_UV_Cl,Pseudomonas_aeruginosa,UV_Cl,0.011036166,0.189672015234538,0.006471896544098854
Full model (243),HBZZ_West_Cl,Pseudomonas_aeruginosa,Cl,0.002375326,0.222148251658804,0.2703391909599304
Full model (243),HBZZ_Song_O3,Pseudomonas_aeruginosa,O3,0.001099227,-0.13716440905070101,-0.05057135969400406
Full model (243),HBZZ_East_O3,Pseudomonas_aeruginosa,O3,0.001017176,-0.350228194500837,-0.27159032225608826
Full model (243),HBZZ_East_Cl,Pseudomonas_aeruginosa,Cl,0.001070653,-0.522286858392424,-0.4902854263782501
Full model (243),SZSG_UV,Pseudomonas_alcaligenes,UV,0.032752839,0.39233670528951,0.21421457827091217
Full model (243),SZSG_UV_Cl,Pseudomonas_alcaligenes,UV_Cl,0.064836638,-0.22872194074083,-0.22099359333515167
Full model (243),SZFX_UV,Pseudomonas_alcaligenes,UV,0.080578172,0.0526787917280148,0.1235775575041771
Full model (243),SZBH_UV_Cl,Pseudomonas_alcaligenes,UV_Cl,0.543155093,0.19172059912582,0.35846561193466187
Full model (243),HBZZ_West_Cl,Pseudomonas_alcaligenes,Cl,0.633269145,0.451722081148986,0.6605024337768555
Full model (243),HBZZ_Song_O3,Pseudomonas_alcaligenes,O3,0.072189964,0.0442406600577544,0.057219378650188446
Full model (243),HBZZ_East_O3,Pseudomonas_alcaligenes,O3,0.140916255,-1.91971159277378,-1.904722809791565
Full model (243),HBZZ_East_Cl,Pseudomonas_alcaligenes,Cl,0.039307311,-2.73555926285608,-2.4294674396514893
Full model (243),GBD_UV_Cl,Pseudomonas_alcaligenes,UV_Cl,0.18986929,0.0812524849677061,0.10941046476364136
Full model (243),GBD_O3,Pseudomonas_alcaligenes,O3,0.04918679,-0.481233201630694,-0.6401166319847107
Full model (243),BXH_O3_Cl,Pseudomonas_alcaligenes,O3_Cl,0.792669141,0.610321634176971,0.7187088131904602
Full model (243),SZBH_UV_Cl,Pseudomonas_mendocina,UV_Cl,0.008568306,0.101572485767356,0.16431215405464172
Full model (243),HBZZ_West_Cl,Pseudomonas_mendocina,Cl,0.001621972,0.0860897808880062,0.08854985237121582
Full model (243),HBZZ_Song_O3,Pseudomonas_mendocina,O3,0.016532048,0.0788255307257662,0.21649813652038574
Full model (243),HBZZ_East_O3,Pseudomonas_mendocina,O3,0.001342212,-0.130020109213719,-0.1473749428987503
Full model (243),HBZZ_East_Cl,Pseudomonas_mendocina,Cl,6.70827e-4,-0.558302069070008,-0.6280168294906616
Full model (243),SZBH_UV_Cl,Pseudomonas_putida,UV_Cl,0.004186333,0.190729783189567,0.1891428381204605
Full model (243),SZBH_UV_Cl,Ralstonia_solanacearum,UV_Cl,5.09019e-4,0.1955063372476,0.10716531425714493
Full model (243),HBZZ_West_Cl,Ralstonia_solanacearum,Cl,0.003353918,0.36960703526513,0.3990793228149414
Full model (243),HBZZ_Song_O3,Ralstonia_solanacearum,O3,0.001746938,-0.234272968548807,-0.16101348400115967
Full model (243),HBZZ_East_O3,Ralstonia_solanacearum,O3,0.002191402,0.25372653552967,0.25807133316993713
Full model (243),HBZZ_East_Cl,Ralstonia_solanacearum,Cl,0.002582705,0.744779476582546,0.758902370929718
Full model (243),GBD_UV_Cl,Ralstonia_solanacearum,UV_Cl,7.29804e-4,-0.26980147477143,-0.2521299123764038
Full model (243),GBD_O3,Ralstonia_solanacearum,O3,3.6218999999999e-4,-0.15331275642363,-0.060861553996801376
Full model (243),BXH_O3_Cl,Ralstonia_solanacearum,O3_Cl,5.79721e-4,0.0746195737814501,0.11073038727045059
Full model (243),SZFX_UV,Shigella_boydii,UV,0.094835356,0.0670886259685748,0.09539473056793213
Full model (243),SZBH_UV_Cl,Shigella_boydii,UV_Cl,0.071888681,0.718069143812771,0.589555561542511
Full model (243),JXQ_Cl,Shigella_boydii,Cl,0.064476453,-0.142494063441341,-0.0800105631351471
Full model (243),GBD_UV_Cl,Shigella_boydii,UV_Cl,0.081813858,-0.084141314866973,-0.1240723729133606
Full model (243),GBD_UF,Shigella_boydii,UF,0.108161284,0.668632569324507,0.5933588743209839
Full model (243),GBD_O3,Shigella_boydii,O3,0.118815519,0.0494238115809076,0.15874236822128296
Full model (243),WFSW_UV,Shigella_dysenteriae,UV,0.01811167,0.171450749660438,0.11879773437976837
Full model (243),SZSG_UV,Shigella_dysenteriae,UV,0.016040098,0.455633253235949,0.3103256821632385
Full model (243),SZSG_UV_Cl,Shigella_dysenteriae,UV_Cl,0.002792973,-0.101715338284548,-0.30146220326423645
Full model (243),SZFX_UV,Shigella_dysenteriae,UV,0.048573432,0.131694199784285,0.0946255624294281
Full model (243),SZBH_UV_Cl,Shigella_dysenteriae,UV_Cl,0.044007577,0.503907222862706,0.3230007588863373
Full model (243),JXQ_O3,Shigella_dysenteriae,O3,0.035455528,0.511154928515913,0.2635739743709564
Full model (243),JXQ_Cl,Shigella_dysenteriae,Cl,0.034634757,-0.0824961337660555,0.031126482412219048
Full model (243),GBD_UV_Cl,Shigella_dysenteriae,UV_Cl,0.048785269,0.106053905698287,0.14627701044082642
Full model (243),GBD_UF,Shigella_dysenteriae,UF,0.060034194,0.740142805405214,0.582499086856842
Full model (243),GBD_O3,Shigella_dysenteriae,O3,0.065400601,-0.229699296894413,0.14518842101097107
Full model (243),CZSC_UV,Shigella_dysenteriae,UV,0.037962714,0.276145259428194,0.2695927917957306
Full model (243),BXH_O3_Cl,Shigella_dysenteriae,O3_Cl,0.009200269,0.638098176800427,0.5756942629814148
Full model (243),SZFX_UV,Shigella_sonnei,UV,0.060754293,-0.146791193976506,0.10526877641677856
Full model (243),SZBH_UV_Cl,Shigella_sonnei,UV_Cl,0.047917491,-0.270522840517999,-0.0707574114203453
Full model (243),JXQ_Cl,Shigella_sonnei,Cl,0.038705439,-0.142494063441341,-0.025332270190119743
Full model (243),GBD_UV_Cl,Shigella_sonnei,UV_Cl,0.051581688,-0.400020431569873,-0.19620901346206665
Full model (243),GBD_UF,Shigella_sonnei,UF,0.068548444,0.598909502196841,0.5597221255302429
Full model (243),GBD_O3,Shigella_sonnei,O3,0.076042636,0.276856786936626,0.28210923075675964
Full model (243),BXH_O3_Cl,Shigella_sonnei,O3_Cl,0.005908689,1.15758915754463,0.9056050181388855
Full model (243),SZSG_UV,Staphylococcus_aureus,UV,2.97729e-4,0.529573663912566,0.4444381892681122
Full model (243),SZFX_UV,Staphylococcus_aureus,UV,2.14081e-4,0.0654150420790086,0.09107951819896698
Full model (243),JXQ_O3,Staphylococcus_aureus,O3,4.21782e-4,0.232435598187044,0.2573927342891693
Full model (243),JXQ_Cl,Staphylococcus_aureus,Cl,3.36717e-4,0.199020051187768,0.22607436776161194
Full model (243),GBD_UV_Cl,Staphylococcus_aureus,UV_Cl,5.14645e-4,-0.015122176074761,-0.022979535162448883
Full model (243),GBD_UF,Staphylococcus_aureus,UF,3.88465e-4,0.608925855379077,0.5762615203857422
Full model (243),GBD_O3,Staphylococcus_aureus,O3,3.78541e-4,0.116184088654691,0.10115309059619904
Full model (243),CZSC_UV,Staphylococcus_aureus,UV,4.94442e-4,0.273266927064757,0.24107594788074493
Reduced model (430),WFSW_UV,Achromobacter_xylosoxidans,UV,0.007487138,-0.254661249955602,-0.09673599898815155
Reduced model (430),SZSG_UV,Achromobacter_xylosoxidans,UV,0.007879345,0.406940347092864,0.2997778654098511
Reduced model (430),SZSG_UV_Cl,Achromobacter_xylosoxidans,UV_Cl,0.004840212,-0.00510671703628393,-0.06547670811414719
Reduced model (430),SZFX_UV,Achromobacter_xylosoxidans,UV,0.003700538,0.0219989770546242,0.1343601644039154
Reduced model (430),SZBH_UV_Cl,Achromobacter_xylosoxidans,UV_Cl,0.013324312,0.435390434281246,0.4284645915031433
Reduced model (430),JXQ_O3,Achromobacter_xylosoxidans,O3,0.009014238,0.43764756342923,0.4762381911277771
Reduced model (430),JXQ_Cl,Achromobacter_xylosoxidans,Cl,0.004680113,0.108492842608694,0.15418900549411774
Reduced model (430),HBZZ_West_Cl,Achromobacter_xylosoxidans,Cl,0.022303197,0.498099959668534,0.657863974571228
Reduced model (430),HBZZ_Song_O3,Achromobacter_xylosoxidans,O3,0.008061611,-0.182096634665403,-0.22660769522190094
Reduced model (430),HBZZ_East_O3,Achromobacter_xylosoxidans,O3,0.017236383,0.546610350071632,0.5463815927505493
Reduced model (430),HBZZ_East_Cl,Achromobacter_xylosoxidans,Cl,0.015625104,0.779731744640804,0.6885133385658264
Reduced model (430),GBD_UV_Cl,Achromobacter_xylosoxidans,UV_Cl,0.017423576,-0.306882626090294,-0.1853453367948532
Reduced model (430),GBD_UF,Achromobacter_xylosoxidans,UF,0.007125647,0.482534816986523,0.4288438558578491
Reduced model (430),GBD_O3,Achromobacter_xylosoxidans,O3,0.009095954,-0.243879039646363,-0.1109989732503891
Reduced model (430),CZSC_UV,Achromobacter_xylosoxidans,UV,0.00503349,0.202941119509236,0.33609333634376526
Reduced model (430),BXH_O3_Cl,Achromobacter_xylosoxidans,O3_Cl,0.020239584,0.0471637860828301,0.22961029410362244
Reduced model (430),WFSW_UV,Acinetobacter_lwoffii,UV,0.016460413,-0.174125990081965,-0.04645129293203354
Reduced model (430),SZSG_UV,Acinetobacter_lwoffii,UV,0.013720696,0.479766932952668,0.5018925070762634
Reduced model (430),SZSG_UV_Cl,Acinetobacter_lwoffii,UV_Cl,0.041997947,0.202694398030814,0.3809000253677368
Reduced model (430),SZFX_UV,Acinetobacter_lwoffii,UV,0.013243668,-0.00199919764260475,-0.036874350160360336
Reduced model (430),SZBH_UV_Cl,Acinetobacter_lwoffii,UV_Cl,0.050463124,0.762781944091042,0.7338720560073853
Reduced model (430),JXQ_O3,Acinetobacter_lwoffii,O3,0.01968396,0.298112900570108,0.12694653868675232
Reduced model (430),JXQ_Cl,Acinetobacter_lwoffii,Cl,0.021740591,0.329818647639967,0.33009257912635803
Reduced model (430),HBZZ_West_Cl,Acinetobacter_lwoffii,Cl,0.004858704,-0.498096342939259,-0.40846776962280273
Reduced model (430),HBZZ_Song_O3,Acinetobacter_lwoffii,O3,0.00384116,0.179047214700831,0.10358531773090363
Reduced model (430),HBZZ_East_O3,Acinetobacter_lwoffii,O3,0.004767721,0.0478598103573263,0.166900634765625
Reduced model (430),HBZZ_East_Cl,Acinetobacter_lwoffii,Cl,0.023183293,0.537910926477916,0.42472150921821594
Reduced model (430),GBD_UV_Cl,Acinetobacter_lwoffii,UV_Cl,0.034936075,-0.347030627013962,-0.2955373525619507
Reduced model (430),GBD_UF,Acinetobacter_lwoffii,UF,0.021544735,0.38489892973477,0.3567296266555786
Reduced model (430),GBD_O3,Acinetobacter_lwoffii,O3,0.028588751,-0.0559493933797291,0.048799045383930206
Reduced model (430),CZSC_UV,Acinetobacter_lwoffii,UV,0.321161441,-1.25533069835019,-1.5079172849655151
Reduced model (430),BXH_O3_Cl,Acinetobacter_lwoffii,O3_Cl,0.021537365,0.562951643168824,0.6727373003959656
Reduced model (430),WFSW_UV,Aeromonas_caviae,UV,0.082447767,-0.127779432064577,-0.06668584048748016
Reduced model (430),SZSG_UV,Aeromonas_caviae,UV,0.186188167,0.390873266145242,0.11555038392543793
Reduced model (430),SZSG_UV_Cl,Aeromonas_caviae,UV_Cl,0.013195847,-1.133069086892,-1.5378401279449463
Reduced model (430),SZFX_UV,Aeromonas_caviae,UV,0.179762066,-0.0405753498207999,-0.04267580434679985
Reduced model (430),SZBH_UV_Cl,Aeromonas_caviae,UV_Cl,0.507034238,1.30224922365922,1.2676116228103638
Reduced model (430),JXQ_O3,Aeromonas_caviae,O3,0.237731295,0.348112815172126,0.219569593667984
Reduced model (430),JXQ_Cl,Aeromonas_caviae,Cl,0.283860719,0.241404013962203,0.3726622462272644
Reduced model (430),HBZZ_West_Cl,Aeromonas_caviae,Cl,0.012053274,0.530150675563233,0.3783651888370514
Reduced model (430),HBZZ_Song_O3,Aeromonas_caviae,O3,0.019237311,0.0976778715345826,0.30864351987838745
Reduced model (430),HBZZ_East_O3,Aeromonas_caviae,O3,0.008940634,0.31604657847993,0.3559415638446808
Reduced model (430),HBZZ_East_Cl,Aeromonas_caviae,Cl,0.002299319,0.290515371517431,-0.048875533044338226
Reduced model (430),GBD_UV_Cl,Aeromonas_caviae,UV_Cl,0.516127724,-0.295621534802281,-0.26994624733924866
Reduced model (430),GBD_UF,Aeromonas_caviae,UF,0.536933238,0.496983861064114,0.4371752440929413
Reduced model (430),GBD_O3,Aeromonas_caviae,O3,0.624391318,0.117606508849514,0.09493216872215271
Reduced model (430),CZSC_UV,Aeromonas_caviae,UV,0.225163645,0.399019294723587,0.41135066747665405
Reduced model (430),BXH_O3_Cl,Aeromonas_caviae,O3_Cl,0.169730318,0.337188631562389,0.400375634431839
Reduced model (430),WFSW_UV,Aeromonas_hydrophila,UV,0.020279493,-0.0579541940951598,0.07851684093475342
Reduced model (430),SZSG_UV,Aeromonas_hydrophila,UV,0.28035253,0.487435669347986,0.46547436714172363
Reduced model (430),SZSG_UV_Cl,Aeromonas_hydrophila,UV_Cl,0.007772242,-0.788826812867924,-0.7460089325904846
Reduced model (430),SZFX_UV,Aeromonas_hydrophila,UV,0.823149289,0.0468300417414112,0.07753520458936691
Reduced model (430),SZBH_UV_Cl,Aeromonas_hydrophila,UV_Cl,0.685027637,0.985148791209913,0.7826603651046753
Reduced model (430),JXQ_O3,Aeromonas_hydrophila,O3,0.040613998,0.355947791971713,0.0019176093628630042
Reduced model (430),JXQ_Cl,Aeromonas_hydrophila,Cl,0.060086653,0.128136451167224,0.12436695396900177
Reduced model (430),HBZZ_West_Cl,Aeromonas_hydrophila,Cl,0.002889904,0.627072520126141,0.11827907711267471
Reduced model (430),HBZZ_Song_O3,Aeromonas_hydrophila,O3,0.142503617,0.231424814561308,0.36377549171447754
Reduced model (430),HBZZ_East_O3,Aeromonas_hydrophila,O3,0.002745736,0.437955210324543,0.3132800757884979
Reduced model (430),HBZZ_East_Cl,Aeromonas_hydrophila,Cl,9.73559e-4,0.229673719743763,0.08145605772733688
Reduced model (430),GBD_UV_Cl,Aeromonas_hydrophila,UV_Cl,0.092475879,-0.329458945750232,-0.3036055266857147
Reduced model (430),GBD_UF,Aeromonas_hydrophila,UF,0.064722387,0.444026332647125,0.47495436668395996
Reduced model (430),GBD_O3,Aeromonas_hydrophila,O3,0.1019225,0.00415411135535741,0.1368357092142105
Reduced model (430),CZSC_UV,Aeromonas_hydrophila,UV,0.036174704,0.320137734508018,0.31376299262046814
Reduced model (430),BXH_O3_Cl,Aeromonas_hydrophila,O3_Cl,0.133760134,0.34206556043514,0.39666205644607544
Reduced model (430),WFSW_UV,Aliarcobacter_cryaerophilus,UV,0.34821044,0.316389441500077,0.40512168407440186
Reduced model (430),SZSG_UV,Aliarcobacter_cryaerophilus,UV,0.349033837,0.575909612725165,0.5246734619140625
Reduced model (430),SZSG_UV_Cl,Aliarcobacter_cryaerophilus,UV_Cl,0.010541943,0.0136977091030645,0.2560497522354126
Reduced model (430),SZFX_UV,Aliarcobacter_cryaerophilus,UV,0.232427882,0.0603385234178648,0.1101134642958641
Reduced model (430),SZBH_UV_Cl,Aliarcobacter_cryaerophilus,UV_Cl,0.55294924,2.5116981563767,1.9530844688415527
Reduced model (430),JXQ_O3,Aliarcobacter_cryaerophilus,O3,0.278074694,0.430593407949759,0.3347357213497162
Reduced model (430),JXQ_Cl,Aliarcobacter_cryaerophilus,Cl,0.282831991,-0.1252200186754,-0.11194361746311188
Reduced model (430),HBZZ_West_Cl,Aliarcobacter_cryaerophilus,Cl,0.005526623,0.657032004590276,0.4833844006061554
Reduced model (430),HBZZ_Song_O3,Aliarcobacter_cryaerophilus,O3,0.060802337,0.302421904667036,0.31524014472961426
Reduced model (430),HBZZ_East_O3,Aliarcobacter_cryaerophilus,O3,0.008211199,1.25179490817355,0.4853808879852295
Reduced model (430),HBZZ_East_Cl,Aliarcobacter_cryaerophilus,Cl,0.002759991,-0.641691506706941,-0.25685685873031616
Reduced model (430),GBD_UV_Cl,Aliarcobacter_cryaerophilus,UV_Cl,0.391549276,0.169554209855244,0.37725648283958435
Reduced model (430),GBD_UF,Aliarcobacter_cryaerophilus,UF,0.447176452,0.482102792054348,0.4515726566314697
Reduced model (430),GBD_O3,Aliarcobacter_cryaerophilus,O3,0.493465001,0.272091194573098,0.34331372380256653
Reduced model (430),CZSC_UV,Aliarcobacter_cryaerophilus,UV,0.629210659,0.436096660988315,0.43404147028923035
Reduced model (430),BXH_O3_Cl,Aliarcobacter_cryaerophilus,O3_Cl,0.144519385,1.04352594598683,0.691573977470398
Reduced model (430),WFSW_UV,Bacteroides_fragilis,UV,0.015205182,0.236436552937084,0.3275873363018036
Reduced model (430),SZSG_UV,Bacteroides_fragilis,UV,0.010194212,0.494025482786542,0.3275873363018036
Reduced model (430),SZSG_UV_Cl,Bacteroides_fragilis,UV_Cl,8.83492e-4,-0.321722790364958,-0.14431600272655487
Reduced model (430),SZFX_UV,Bacteroides_fragilis,UV,0.068742011,0.0652388812535082,0.18871402740478516
Reduced model (430),SZBH_UV_Cl,Bacteroides_fragilis,UV_Cl,0.047620428,1.76357864785588,1.026963710784912
Reduced model (430),JXQ_O3,Bacteroides_fragilis,O3,0.041218307,0.349102786569514,0.1405266374349594
Reduced model (430),JXQ_Cl,Bacteroides_fragilis,Cl,0.055659423,-0.0517881507938518,-0.006407607812434435
Reduced model (430),HBZZ_West_Cl,Bacteroides_fragilis,Cl,7.16371e-4,0.290042815463899,0.15132373571395874
Reduced model (430),HBZZ_Song_O3,Bacteroides_fragilis,O3,0.001690291,0.0268070170006114,0.09704235196113586
Reduced model (430),HBZZ_East_O3,Bacteroides_fragilis,O3,6.56848e-4,0.940427102878365,0.2079622894525528
Reduced model (430),HBZZ_East_Cl,Bacteroides_fragilis,Cl,1.07217e-4,0.736970290552379,0.3995476961135864
Reduced model (430),GBD_UV_Cl,Bacteroides_fragilis,UV_Cl,0.034522006,-0.0529174389877858,0.2576267421245575
Reduced model (430),GBD_UF,Bacteroides_fragilis,UF,0.038303795,0.51283753243116,0.48333391547203064
Reduced model (430),GBD_O3,Bacteroides_fragilis,O3,0.047745006,0.104191708330086,0.22278574109077454
Reduced model (430),CZSC_UV,Bacteroides_fragilis,UV,0.057729363,0.296175478281209,0.32262375950813293
Reduced model (430),BXH_O3_Cl,Bacteroides_fragilis,O3_Cl,0.003583379,0.0969672922397954,0.24336324632167816
Reduced model (430),WFSW_UV,Bordetella_hinzii,UV,0.002915246,-0.17313508164799,-0.18137872219085693
Reduced model (430),SZSG_UV,Bordetella_hinzii,UV,0.002419571,0.37967897793781,0.19322796165943146
Reduced model (430),SZSG_UV_Cl,Bordetella_hinzii,UV_Cl,0.003681308,0.12924325638143,0.11898401379585266
Reduced model (430),SZFX_UV,Bordetella_hinzii,UV,9.99695e-4,-0.00553664727987133,0.05562611669301987
Reduced model (430),SZBH_UV_Cl,Bordetella_hinzii,UV_Cl,0.004119767,0.57312726637732,0.4293854236602783
Reduced model (430),JXQ_O3,Bordetella_hinzii,O3,0.002762471,0.327060481434102,0.38111305236816406
Reduced model (430),JXQ_Cl,Bordetella_hinzii,Cl,0.001145914,0.198799899826377,0.13191728293895721
Reduced model (430),HBZZ_West_Cl,Bordetella_hinzii,Cl,0.005523353,0.394962939090468,0.5917139649391174
Reduced model (430),HBZZ_Song_O3,Bordetella_hinzii,O3,0.013082649,-0.216591621202493,-0.007245190441608429
Reduced model (430),HBZZ_East_O3,Bordetella_hinzii,O3,0.004828414,0.691081435070822,0.43316134810447693
Reduced model (430),HBZZ_East_Cl,Bordetella_hinzii,Cl,0.00477239,0.855731667393835,0.5990536212921143
Reduced model (430),GBD_UV_Cl,Bordetella_hinzii,UV_Cl,0.003357877,-0.256432579430054,-0.24794574081897736
Reduced model (430),GBD_UF,Bordetella_hinzii,UF,0.002489105,0.627902865170403,0.5128493905067444
Reduced model (430),GBD_O3,Bordetella_hinzii,O3,0.003248809,-0.0691564958033926,-0.13838644325733185
Reduced model (430),CZSC_UV,Bordetella_hinzii,UV,0.001471331,0.190408827530599,0.2846536636352539
Reduced model (430),BXH_O3_Cl,Bordetella_hinzii,O3_Cl,0.004708021,0.0751283602736658,0.0955454558134079
Reduced model (430),GBD_UV_Cl,Campylobacter_coli,UV_Cl,1.26417e-4,0.0806214693824317,0.15021423995494843
Reduced model (430),WFSW_UV,Chryseobacterium_gleum,UV,8.36033e-4,0.104311921785748,0.20863626897335052
Reduced model (430),SZSG_UV,Chryseobacterium_gleum,UV,0.246583173,0.630302053032279,0.45168352127075195
Reduced model (430),SZSG_UV_Cl,Chryseobacterium_gleum,UV_Cl,0.037955842,-0.546409300724642,-0.5093054175376892
Reduced model (430),SZFX_UV,Chryseobacterium_gleum,UV,0.007569125,0.102609325402152,0.37967586517333984
Reduced model (430),SZBH_UV_Cl,Chryseobacterium_gleum,UV_Cl,0.049605365,0.772476880127369,0.2798945903778076
Reduced model (430),JXQ_O3,Chryseobacterium_gleum,O3,0.005360673,0.179172599041022,0.21681907773017883
Reduced model (430),JXQ_Cl,Chryseobacterium_gleum,Cl,0.009228077,0.431384525613017,0.3894200921058655
Reduced model (430),HBZZ_West_Cl,Chryseobacterium_gleum,Cl,0.005590502,-0.185868814901772,-0.15831929445266724
Reduced model (430),HBZZ_Song_O3,Chryseobacterium_gleum,O3,0.139732438,0.191449237738158,0.1655735820531845
Reduced model (430),HBZZ_East_O3,Chryseobacterium_gleum,O3,0.005326296,1.18775972145502,0.460774302482605
Reduced model (430),HBZZ_East_Cl,Chryseobacterium_gleum,Cl,0.007528368,1.03856465552207,0.8373205661773682
Reduced model (430),GBD_UV_Cl,Chryseobacterium_gleum,UV_Cl,0.087316139,0.572981384662833,0.541085422039032
Reduced model (430),GBD_UF,Chryseobacterium_gleum,UF,0.042541617,0.00353341702993415,0.17086589336395264
Reduced model (430),GBD_O3,Chryseobacterium_gleum,O3,0.158709384,0.309771527390528,0.33647197484970093
Reduced model (430),CZSC_UV,Chryseobacterium_gleum,UV,0.009963991,0.289525712451058,0.3402192294597626
Reduced model (430),BXH_O3_Cl,Chryseobacterium_gleum,O3_Cl,0.007277807,0.794194138174742,0.5943055152893066
Reduced model (430),WFSW_UV,Cupriavidus_metallidurans,UV,0.002365128,-0.210913504779847,0.08385512232780457
Reduced model (430),SZSG_UV,Cupriavidus_metallidurans,UV,0.002140817,0.392346980338826,0.39246052503585815
Reduced model (430),SZSG_UV_Cl,Cupriavidus_metallidurans,UV_Cl,0.004531303,0.211038989250916,0.1128261387348175
Reduced model (430),SZFX_UV,Cupriavidus_metallidurans,UV,0.001540478,0.00725609087626709,0.1540682166814804
Reduced model (430),SZBH_UV_Cl,Cupriavidus_metallidurans,UV_Cl,0.003076754,0.169044384003021,0.07143296301364899
Reduced model (430),JXQ_O3,Cupriavidus_metallidurans,O3,0.002609582,0.392823379360403,0.45101267099380493
Reduced model (430),JXQ_Cl,Cupriavidus_metallidurans,Cl,0.001897377,0.174115265007814,0.15626338124275208
Reduced model (430),HBZZ_West_Cl,Cupriavidus_metallidurans,Cl,0.005404207,0.458016052268938,0.2629980742931366
Reduced model (430),HBZZ_Song_O3,Cupriavidus_metallidurans,O3,0.005472602,-0.177144165569531,-0.14782533049583435
Reduced model (430),HBZZ_East_O3,Cupriavidus_metallidurans,O3,0.003551026,-0.878515195458907,-0.8157116770744324
Reduced model (430),HBZZ_East_Cl,Cupriavidus_metallidurans,Cl,0.003490166,0.759325711190797,0.7436415553092957
Reduced model (430),GBD_UV_Cl,Cupriavidus_metallidurans,UV_Cl,0.003094722,-0.247249538255513,-0.28172585368156433
Reduced model (430),GBD_UF,Cupriavidus_metallidurans,UF,0.002236019,0.512651860764269,0.419928640127182
Reduced model (430),GBD_O3,Cupriavidus_metallidurans,O3,0.002841719,-0.118557557375744,-0.18387559056282043
Reduced model (430),CZSC_UV,Cupriavidus_metallidurans,UV,0.001780874,0.278083169435286,0.24299012124538422
Reduced model (430),BXH_O3_Cl,Cupriavidus_metallidurans,O3_Cl,0.004096301,0.079793818691315,0.24183176457881927
Reduced model (430),WFSW_UV,Enterobacter_spp.,UV,0.010248315,0.132992497841262,0.020144488662481308
Reduced model (430),SZSG_UV,Enterobacter_spp.,UV,0.007223455,0.406222209409191,0.3423269987106323
Reduced model (430),SZSG_UV_Cl,Enterobacter_spp.,UV_Cl,0.00321099,-1.51055246347125,-0.9931720495223999
Reduced model (430),SZFX_UV,Enterobacter_spp.,UV,0.012237562,0.0100476764650973,0.0038510924205183983
Reduced model (430),SZBH_UV_Cl,Enterobacter_spp.,UV_Cl,0.031170094,1.25133331239219,0.7424209117889404
Reduced model (430),JXQ_O3,Enterobacter_spp.,O3,0.015083209,0.390128089958705,0.30117371678352356
Reduced model (430),JXQ_Cl,Enterobacter_spp.,Cl,0.012255667,-0.0127938583356766,0.0854320079088211
Reduced model (430),HBZZ_West_Cl,Enterobacter_spp.,Cl,0.001752466,0.431047934011754,0.3299221992492676
Reduced model (430),HBZZ_Song_O3,Enterobacter_spp.,O3,0.003703267,0.0320882543927179,0.043511420488357544
Reduced model (430),HBZZ_East_O3,Enterobacter_spp.,O3,0.001860889,0.213948146570221,0.4140421152114868
Reduced model (430),HBZZ_East_Cl,Enterobacter_spp.,Cl,0.001452421,0.112480090841042,0.1882583200931549
Reduced model (430),GBD_UV_Cl,Enterobacter_spp.,UV_Cl,0.020948223,-0.159175729179347,0.16666246950626373
Reduced model (430),GBD_UF,Enterobacter_spp.,UF,0.029653392,0.551378876376469,0.5354093909263611
Reduced model (430),GBD_O3,Enterobacter_spp.,O3,0.035025722,0.122173697723534,0.18906641006469727
Reduced model (430),CZSC_UV,Enterobacter_spp.,UV,0.015921504,0.230321519995161,0.1682950109243393
Reduced model (430),BXH_O3_Cl,Enterobacter_spp.,O3_Cl,0.005547272,0.263719256003539,0.30177149176597595
Reduced model (430),WFSW_UV,Escherichia_coli,UV,0.027647997,0.162506153547683,0.10004393756389618
Reduced model (430),SZSG_UV,Escherichia_coli,UV,0.022704784,0.447302593727804,0.28089165687561035
Reduced model (430),SZSG_UV_Cl,Escherichia_coli,UV_Cl,0.00290829,-1.16105899016014,-0.8628943562507629
Reduced model (430),SZFX_UV,Escherichia_coli,UV,0.074182878,0.0182435057708529,0.010216163471341133
Reduced model (430),SZBH_UV_Cl,Escherichia_coli,UV_Cl,0.060191631,0.608014596993445,0.7088121771812439
Reduced model (430),JXQ_O3,Escherichia_coli,O3,0.053173147,0.230128591586561,0.30864351987838745
Reduced model (430),JXQ_Cl,Escherichia_coli,Cl,0.049152146,0.0673672921948384,0.015668118372559547
Reduced model (430),HBZZ_West_Cl,Escherichia_coli,Cl,7.05824e-4,0.399692565559812,0.36517882347106934
Reduced model (430),HBZZ_Song_O3,Escherichia_coli,O3,0.024555265,0.152693599957915,0.30864351987838745
Reduced model (430),HBZZ_East_O3,Escherichia_coli,O3,0.001400023,0.1777527468501,0.2597326934337616
Reduced model (430),HBZZ_East_Cl,Escherichia_coli,Cl,9.7223e-4,0.0293906732814557,0.04211835190653801
Reduced model (430),GBD_UV_Cl,Escherichia_coli,UV_Cl,0.068027991,-0.177763375259449,-0.15244737267494202
Reduced model (430),GBD_UF,Escherichia_coli,UF,0.089363231,0.779584474089292,0.6010112166404724
Reduced model (430),GBD_O3,Escherichia_coli,O3,0.09405733,0.114545530008063,0.2413954734802246
Reduced model (430),CZSC_UV,Escherichia_coli,UV,0.059020011,0.569336801986105,0.3767794072628021
Reduced model (430),BXH_O3_Cl,Escherichia_coli,O3_Cl,0.008814355,0.294297633901822,0.35458803176879883
Reduced model (430),WFSW_UV,Klebsiella_pneumoniae,UV,0.049854795,0.0687160795955978,0.05837496370077133
Reduced model (430),SZSG_UV,Klebsiella_pneumoniae,UV,0.077967774,0.410774766437985,0.25197020173072815
Reduced model (430),SZSG_UV_Cl,Klebsiella_pneumoniae,UV_Cl,0.008007994,-1.44347450014183,-1.2460697889328003
Reduced model (430),SZFX_UV,Klebsiella_pneumoniae,UV,0.084681579,0.0078761321823443,-0.007164223585277796
Reduced model (430),SZBH_UV_Cl,Klebsiella_pneumoniae,UV_Cl,0.372522888,0.929622174503541,0.8248534202575684
Reduced model (430),JXQ_O3,Klebsiella_pneumoniae,O3,0.058895642,0.383120332188626,0.2964956760406494
Reduced model (430),JXQ_Cl,Klebsiella_pneumoniae,Cl,0.040364309,1.66057243015734e-4,-0.006127927917987108
Reduced model (430),HBZZ_West_Cl,Klebsiella_pneumoniae,Cl,0.008288161,0.335922359784793,0.5405665636062622
Reduced model (430),HBZZ_Song_O3,Klebsiella_pneumoniae,O3,0.016478299,0.0256076627031804,0.2636106610298157
Reduced model (430),HBZZ_East_O3,Klebsiella_pneumoniae,O3,0.010257074,-0.126724433476463,-0.038759902119636536
Reduced model (430),HBZZ_East_Cl,Klebsiella_pneumoniae,Cl,0.006482385,0.142728127912432,-0.0435127392411232
Reduced model (430),GBD_UV_Cl,Klebsiella_pneumoniae,UV_Cl,0.108161945,-0.18725911871416,-0.09335000813007355
Reduced model (430),GBD_UF,Klebsiella_pneumoniae,UF,0.131845397,0.554828161082353,0.5698769688606262
Reduced model (430),GBD_O3,Klebsiella_pneumoniae,O3,0.140619803,0.087108735259346,0.21626178920269012
Reduced model (430),CZSC_UV,Klebsiella_pneumoniae,UV,0.038668347,0.308476797865379,0.3054666817188263
Reduced model (430),BXH_O3_Cl,Klebsiella_pneumoniae,O3_Cl,0.022022511,0.714894662814804,0.4592835307121277
Reduced model (430),WFSW_UV,Laribacter_hongkongensis,UV,0.01215925,-0.10360349177606,-0.02593471296131611
Reduced model (430),SZSG_UV,Laribacter_hongkongensis,UV,0.067064762,0.422990507368227,0.11102649569511414
Reduced model (430),SZSG_UV_Cl,Laribacter_hongkongensis,UV_Cl,0.001208241,0.0604671940896083,-0.0555507056415081
Reduced model (430),SZFX_UV,Laribacter_hongkongensis,UV,0.050044256,-0.0188775458434341,0.11842501163482666
Reduced model (430),SZBH_UV_Cl,Laribacter_hongkongensis,UV_Cl,0.168769192,0.705287867775928,0.598147988319397
Reduced model (430),JXQ_O3,Laribacter_hongkongensis,O3,0.055534711,0.385442167817106,0.3559415638446808
Reduced model (430),JXQ_Cl,Laribacter_hongkongensis,Cl,0.06311885,0.106103162485845,0.061420444399118423
Reduced model (430),HBZZ_West_Cl,Laribacter_hongkongensis,Cl,0.002503611,-0.322703333684996,0.26340892910957336
Reduced model (430),HBZZ_Song_O3,Laribacter_hongkongensis,O3,0.005416507,-0.402802957920456,-0.056746117770671844
Reduced model (430),HBZZ_East_O3,Laribacter_hongkongensis,O3,0.001298907,1.08361603471089,0.5804416537284851
Reduced model (430),HBZZ_East_Cl,Laribacter_hongkongensis,Cl,0.001256146,1.2353706416563,0.6650137901306152
Reduced model (430),GBD_UV_Cl,Laribacter_hongkongensis,UV_Cl,0.09456237,-0.222548060599801,-0.2273857146501541
Reduced model (430),GBD_UF,Laribacter_hongkongensis,UF,0.073845765,0.505225753710434,0.472156822681427
Reduced model (430),GBD_O3,Laribacter_hongkongensis,O3,0.09481765,-0.0340352310214161,0.18866848945617676
Reduced model (430),CZSC_UV,Laribacter_hongkongensis,UV,0.093138716,0.370685262242753,0.5254325270652771
Reduced model (430),BXH_O3_Cl,Laribacter_hongkongensis,O3_Cl,0.005447694,0.175417925468772,0.3321460485458374
Reduced model (430),WFSW_UV,Legionella_longbeachae,UV,3.32357e-4,0.18502788699894,0.28789496421813965
Reduced model (430),SZSG_UV,Legionella_longbeachae,UV,8.35832e-4,0.526357070162844,0.2498510777950287
Reduced model (430),SZSG_UV_Cl,Legionella_longbeachae,UV_Cl,1.56417e-4,-0.401841494950284,0.09929977357387543
Reduced model (430),SZFX_UV,Legionella_longbeachae,UV,0.001014182,0.00473856239637504,0.056226782500743866
Reduced model (430),SZBH_UV_Cl,Legionella_longbeachae,UV_Cl,4.04178e-4,1.11644367473448,0.5562993288040161
Reduced model (430),JXQ_O3,Legionella_longbeachae,O3,7.43765e-4,0.348792359094261,0.29860854148864746
Reduced model (430),JXQ_Cl,Legionella_longbeachae,Cl,6.90984e-4,0.184811160404028,0.3109336793422699
Reduced model (430),HBZZ_West_Cl,Legionella_longbeachae,Cl,1.81483e-4,-0.0737222271349634,0.1404218226671219
Reduced model (430),HBZZ_Song_O3,Legionella_longbeachae,O3,0.005644037,0.360911821537575,0.417311429977417
Reduced model (430),HBZZ_East_Cl,Legionella_longbeachae,Cl,8.42099e-4,0.567032171761984,0.4296613037586212
Reduced model (430),GBD_UV_Cl,Legionella_longbeachae,UV_Cl,0.001805668,0.235630442573816,0.123191237449646
Reduced model (430),GBD_UF,Legionella_longbeachae,UF,2.41254e-4,0.590884426264589,0.4413642883300781
Reduced model (430),GBD_O3,Legionella_longbeachae,O3,4.26593e-4,-0.238337440841054,0.0910174548625946
Reduced model (430),BXH_O3_Cl,Legionella_longbeachae,O3_Cl,2.82949e-4,0.0622211989257366,0.29251202940940857
Reduced model (430),WFSW_UV,Legionella_pneumophila,UV,8.40974e-4,0.172030617356092,0.17896607518196106
Reduced model (430),SZSG_UV,Legionella_pneumophila,UV,8.7764e-4,0.527301716288097,0.3771291971206665
Reduced model (430),SZSG_UV_Cl,Legionella_pneumophila,UV_Cl,0.001169209,-0.276341637021119,0.09996981918811798
Reduced model (430),SZFX_UV,Legionella_pneumophila,UV,8.03134e-4,0.00551652260999323,0.018310224637389183
Reduced model (430),SZBH_UV_Cl,Legionella_pneumophila,UV_Cl,0.001488937,1.14003492640445,0.44627535343170166
Reduced model (430),JXQ_O3,Legionella_pneumophila,O3,5.02179e-4,0.356105737681373,0.2954743504524231
Reduced model (430),JXQ_Cl,Legionella_pneumophila,Cl,6.16284e-4,0.183243860495378,0.31613677740097046
Reduced model (430),HBZZ_West_Cl,Legionella_pneumophila,Cl,6.15991e-5,-0.0641398176565064,-0.08819717168807983
Reduced model (430),HBZZ_Song_O3,Legionella_pneumophila,O3,0.011604969,0.369327478156221,0.3559415638446808
Reduced model (430),HBZZ_East_O3,Legionella_pneumophila,O3,7.07803e-4,1.11554177279821,0.6612948179244995
Reduced model (430),HBZZ_East_Cl,Legionella_pneumophila,Cl,3.12689e-4,0.642007147704116,0.44678324460983276
Reduced model (430),GBD_UV_Cl,Legionella_pneumophila,UV_Cl,0.008468111,0.174944119464921,0.26868167519569397
Reduced model (430),GBD_UF,Legionella_pneumophila,UF,4.00687e-4,0.55765778326164706,0.54607093334198
Reduced model (430),GBD_O3,Legionella_pneumophila,O3,0.00108649,-0.257110800695665,-0.08100354671478271
Reduced model (430),CZSC_UV,Legionella_pneumophila,UV,5.38552e-4,0.340234409433358,0.3154269754886627
Reduced model (430),BXH_O3_Cl,Legionella_pneumophila,O3_Cl,0.001736213,0.128534589631612,0.27639123797416687
Reduced model (430),WFSW_UV,Mycobacterium_kansasii,UV,2.99214e-4,-0.217384219406838,0.33773064613342285
Reduced model (430),SZSG_UV,Mycobacterium_kansasii,UV,8.37739e-5,0.293052701636555,0.23858338594436646
Reduced model (430),SZSG_UV_Cl,Mycobacterium_kansasii,UV_Cl,0.004027685,-0.115704800764749,-0.105759397149086
Reduced model (430),SZFX_UV,Mycobacterium_kansasii,UV,7.38305e-4,-0.122322022175198,0.03936862573027611
Reduced model (430),SZBH_UV_Cl,Mycobacterium_kansasii,UV_Cl,5.54337e-4,0.810585126662678,0.44505077600479126
Reduced model (430),JXQ_O3,Mycobacterium_kansasii,O3,1.55233e-4,0.466243704772618,0.3549878001213074
Reduced model (430),JXQ_Cl,Mycobacterium_kansasii,Cl,6.97862e-5,0.342207606402825,0.246389240026474
Reduced model (430),HBZZ_West_Cl,Mycobacterium_kansasii,Cl,2.72151e-4,-0.169954889631027,-0.03632897138595581
Reduced model (430),HBZZ_Song_O3,Mycobacterium_kansasii,O3,5.69997e-4,0.273980357228435,0.4120301902294159
Reduced model (430),HBZZ_East_O3,Mycobacterium_kansasii,O3,4.435e-4,0.586333539585307,0.14844152331352234
Reduced model (430),HBZZ_East_Cl,Mycobacterium_kansasii,Cl,0.001884533,-0.0181522611724937,-0.05642012134194374
Reduced model (430),GBD_UV_Cl,Mycobacterium_kansasii,UV_Cl,0.004970939,-0.219664007629004,-0.024315381422638893
Reduced model (430),GBD_UF,Mycobacterium_kansasii,UF,4.45172e-4,0.410567281808436,0.3866059482097626
Reduced model (430),GBD_O3,Mycobacterium_kansasii,O3,8.76813e-4,-0.220397811867884,0.01988367922604084
Reduced model (430),CZSC_UV,Mycobacterium_kansasii,UV,3.08641e-5,-6.72246545656289e-4,0.1456107795238495
Reduced model (430),BXH_O3_Cl,Mycobacterium_kansasii,O3_Cl,0.004378288,0.210808647371692,0.24683229625225067
Reduced model (430),WFSW_UV,Mycobacterium_xenopi,UV,4.89343e-5,-0.312952259773994,-0.09372086077928543
Reduced model (430),SZSG_UV,Mycobacterium_xenopi,UV,1.24716e-4,0.397706131167988,0.23858338594436646
Reduced model (430),SZSG_UV_Cl,Mycobacterium_xenopi,UV_Cl,0.002359511,-0.0360065054078799,0.09858910739421844
Reduced model (430),SZFX_UV,Mycobacterium_xenopi,UV,5.10288e-5,0.0476520520429975,0.07569367438554764
Reduced model (430),SZBH_UV_Cl,Mycobacterium_xenopi,UV_Cl,2.68282e-4,0.914323000557376,0.28805240988731384
Reduced model (430),JXQ_O3,Mycobacterium_xenopi,O3,6.69658e-4,0.441931631742285,0.2577334940433502
Reduced model (430),JXQ_Cl,Mycobacterium_xenopi,Cl,2.06781e-4,0.273701912070649,0.4121490716934204
Reduced model (430),HBZZ_Song_O3,Mycobacterium_xenopi,O3,4.23653e-4,0.286155966159656,0.36282676458358765
Reduced model (430),HBZZ_East_O3,Mycobacterium_xenopi,O3,3.18549e-4,0.922179477699535,0.5490734577178955
Reduced model (430),HBZZ_East_Cl,Mycobacterium_xenopi,Cl,2.66568e-4,-0.33584810360854,-0.07215059548616409
Reduced model (430),GBD_UV_Cl,Mycobacterium_xenopi,UV_Cl,0.001587034,-0.305412692790709,-0.12966012954711914
Reduced model (430),GBD_UF,Mycobacterium_xenopi,UF,6.07395e-4,0.383608934525472,0.3311700224876404
Reduced model (430),GBD_O3,Mycobacterium_xenopi,O3,7.04121e-4,-0.0681699512453105,0.09174618124961853
Reduced model (430),BXH_O3_Cl,Mycobacterium_xenopi,O3_Cl,0.001170426,0.36344959342013,0.2840893268585205
Reduced model (430),WFSW_UV,Nocardia_brasiliensis,UV,2.77544e-5,-0.342076796222754,-0.041570767760276794
Reduced model (430),SZSG_UV,Nocardia_brasiliensis,UV,2.51804e-5,0.323236324177169,0.1456107795238495
Reduced model (430),SZSG_UV_Cl,Nocardia_brasiliensis,UV_Cl,6.34211e-4,-0.0742972936908122,0.18225015699863434
Reduced model (430),SZFX_UV,Nocardia_brasiliensis,UV,3.99529e-5,-0.157757026885343,0.09346068650484085
Reduced model (430),SZBH_UV_Cl,Nocardia_brasiliensis,UV_Cl,2.86497e-5,0.822393425223151,0.23627391457557678
Reduced model (430),JXQ_O3,Nocardia_brasiliensis,O3,3.96172e-5,0.280457254892184,0.2413298487663269
Reduced model (430),HBZZ_West_Cl,Nocardia_brasiliensis,Cl,5.46135e-5,0.30275195282076,0.23517559468746185
Reduced model (430),HBZZ_Song_O3,Nocardia_brasiliensis,O3,2.92317e-4,0.120197569996167,0.36276260018348694
Reduced model (430),HBZZ_East_O3,Nocardia_brasiliensis,O3,2.67696e-4,1.1175388046761,0.6783286929130554
Reduced model (430),HBZZ_East_Cl,Nocardia_brasiliensis,Cl,1.22545e-4,0.113907471481292,0.10960693657398224
Reduced model (430),GBD_UV_Cl,Nocardia_brasiliensis,UV_Cl,3.79945e-4,-0.594918111940188,-0.22278250753879547
Reduced model (430),GBD_UF,Nocardia_brasiliensis,UF,3.38201e-4,0.0784738071025236,0.29862961173057556
Reduced model (430),GBD_O3,Nocardia_brasiliensis,O3,4.94096e-4,0.634061534859818,0.2842089831829071
Reduced model (430),CZSC_UV,Nocardia_brasiliensis,UV,3.7267e-5,0.174260752326694,0.10979217290878296
Reduced model (430),BXH_O3_Cl,Nocardia_brasiliensis,O3_Cl,6.21005e-4,1.11223903058714,0.47043728828430176
Reduced model (430),WFSW_UV,Nocardia_farcinica,UV,6.32515e-5,-0.336317264142797,-0.06489947438240051
Reduced model (430),SZSG_UV,Nocardia_farcinica,UV,2.39497e-4,0.35490658306202,0.2357175201177597
Reduced model (430),SZSG_UV_Cl,Nocardia_farcinica,UV_Cl,0.001983522,0.165167080619505,0.23334744572639465
Reduced model (430),SZFX_UV,Nocardia_farcinica,UV,2.63972e-4,-0.314055119784784,-0.03332826495170593
Reduced model (430),SZBH_UV_Cl,Nocardia_farcinica,UV_Cl,3.42956e-4,0.889007210783346,0.7472395896911621
Reduced model (430),JXQ_O3,Nocardia_farcinica,O3,2.56661e-4,0.274300357703101,0.31415504217147827
Reduced model (430),JXQ_Cl,Nocardia_farcinica,Cl,1.91344e-4,0.436877489044083,0.232352614402771
Reduced model (430),HBZZ_West_Cl,Nocardia_farcinica,Cl,1.62261e-4,0.34469577685481,0.232352614402771
Reduced model (430),HBZZ_Song_O3,Nocardia_farcinica,O3,9.02684e-4,0.123097775045624,0.45400407910346985
Reduced model (430),HBZZ_East_O3,Nocardia_farcinica,O3,8.15912e-4,1.22734457709078,0.6763050556182861
Reduced model (430),HBZZ_East_Cl,Nocardia_farcinica,Cl,2.12957e-4,0.0348484992523018,-0.006863350979983807
Reduced model (430),GBD_UV_Cl,Nocardia_farcinica,UV_Cl,0.001299834,-0.570844388224825,-0.18847040832042694
Reduced model (430),GBD_UF,Nocardia_farcinica,UF,7.33431e-4,0.113943518511943,0.2662748098373413
Reduced model (430),GBD_O3,Nocardia_farcinica,O3,0.001377865,0.558603199615157,0.27470993995666504
Reduced model (430),CZSC_UV,Nocardia_farcinica,UV,6.15033e-5,0.20255660451278,0.08356869220733643
Reduced model (430),BXH_O3_Cl,Nocardia_farcinica,O3_Cl,0.001176827,1.06442030224855,0.46284908056259155
Reduced model (430),WFSW_UV,Pseudomonas_aeruginosa,UV,5.06513e-4,-0.134229327031295,0.0649726539850235
Reduced model (430),SZSG_UV,Pseudomonas_aeruginosa,UV,7.41012e-4,0.398830156745806,0.35961809754371643
Reduced model (430),SZSG_UV_Cl,Pseudomonas_aeruginosa,UV_Cl,0.008879217,0.0823862114665,0.2632109522819519
Reduced model (430),SZFX_UV,Pseudomonas_aeruginosa,UV,4.8576e-4,0.0240239685047495,0.25127506256103516
Reduced model (430),SZBH_UV_Cl,Pseudomonas_aeruginosa,UV_Cl,0.011036166,0.189672015234538,-0.2071782648563385
Reduced model (430),JXQ_O3,Pseudomonas_aeruginosa,O3,2.07522e-4,0.370970191289763,0.2252943068742752
Reduced model (430),JXQ_Cl,Pseudomonas_aeruginosa,Cl,9.87325e-4,0.207421419146251,0.14460314810276031
Reduced model (430),HBZZ_West_Cl,Pseudomonas_aeruginosa,Cl,0.002375326,0.222148251658804,0.3281171917915344
Reduced model (430),HBZZ_Song_O3,Pseudomonas_aeruginosa,O3,0.001099227,-0.13716440905070101,0.06918594241142273
Reduced model (430),HBZZ_East_O3,Pseudomonas_aeruginosa,O3,0.001017176,-0.350228194500837,-0.005548521410673857
Reduced model (430),HBZZ_East_Cl,Pseudomonas_aeruginosa,Cl,0.001070653,-0.522286858392424,-0.7157268524169922
Reduced model (430),GBD_UV_Cl,Pseudomonas_aeruginosa,UV_Cl,6.88813e-4,-0.262113298599842,-0.0028560427017509937
Reduced model (430),GBD_UF,Pseudomonas_aeruginosa,UF,1.78948e-4,0.570704320253979,0.47016552090644836
Reduced model (430),GBD_O3,Pseudomonas_aeruginosa,O3,6.2927e-4,-0.0794714305083665,0.135637104511261
Reduced model (430),CZSC_UV,Pseudomonas_aeruginosa,UV,5.35725e-4,0.315906579477379,0.3712144196033478
Reduced model (430),BXH_O3_Cl,Pseudomonas_aeruginosa,O3_Cl,0.001568705,0.0998341385623234,0.16914299130439758
Reduced model (430),WFSW_UV,Pseudomonas_alcaligenes,UV,0.013862182,-0.236905347992282,-0.04645129293203354
Reduced model (430),SZSG_UV,Pseudomonas_alcaligenes,UV,0.032752839,0.39233670528951,0.12056814134120941
Reduced model (430),SZSG_UV_Cl,Pseudomonas_alcaligenes,UV_Cl,0.064836638,-0.22872194074083,-0.2985607087612152
Reduced model (430),SZFX_UV,Pseudomonas_alcaligenes,UV,0.080578172,0.0526787917280148,0.058434147387742996
Reduced model (430),SZBH_UV_Cl,Pseudomonas_alcaligenes,UV_Cl,0.543155093,0.19172059912582,0.40436166524887085
Reduced model (430),JXQ_O3,Pseudomonas_alcaligenes,O3,0.019449176,0.463143116505949,0.36197003722190857
Reduced model (430),JXQ_Cl,Pseudomonas_alcaligenes,Cl,0.013411464,-0.0223901898111659,0.043426625430583954
Reduced model (430),HBZZ_West_Cl,Pseudomonas_alcaligenes,Cl,0.633269145,0.451722081148986,0.6723991632461548
Reduced model (430),HBZZ_Song_O3,Pseudomonas_alcaligenes,O3,0.072189964,0.0442406600577544,0.034824687987565994
Reduced model (430),HBZZ_East_O3,Pseudomonas_alcaligenes,O3,0.140916255,-1.91971159277378,-1.7614651918411255
Reduced model (430),HBZZ_East_Cl,Pseudomonas_alcaligenes,Cl,0.039307311,-2.73555926285608,-2.0629141330718994
Reduced model (430),GBD_UV_Cl,Pseudomonas_alcaligenes,UV_Cl,0.18986929,0.0812524849677061,0.22084669768810272
Reduced model (430),GBD_UF,Pseudomonas_alcaligenes,UF,0.02906358,0.426224942871011,0.3873317539691925
Reduced model (430),GBD_O3,Pseudomonas_alcaligenes,O3,0.04918679,-0.481233201630694,-0.7406682968139648
Reduced model (430),CZSC_UV,Pseudomonas_alcaligenes,UV,0.026160014,0.174953503512354,0.3275873363018036
Reduced model (430),BXH_O3_Cl,Pseudomonas_alcaligenes,O3_Cl,0.792669141,0.610321634176971,0.7669012546539307
Reduced model (430),WFSW_UV,Pseudomonas_mendocina,UV,8.59381e-4,-0.194392851266775,0.02759399265050888
Reduced model (430),SZSG_UV,Pseudomonas_mendocina,UV,4.06889e-4,0.408220548175397,0.21620282530784607
Reduced model (430),SZSG_UV_Cl,Pseudomonas_mendocina,UV_Cl,0.001055007,0.122407750878962,0.18216869235038757
Reduced model (430),SZFX_UV,Pseudomonas_mendocina,UV,6.94466e-4,0.0320799090761748,0.25312358140945435
Reduced model (430),SZBH_UV_Cl,Pseudomonas_mendocina,UV_Cl,0.008568306,0.101572485767356,-0.02305961772799492
Reduced model (430),JXQ_O3,Pseudomonas_mendocina,O3,1.04235e-4,0.451432932572321,0.2388705015182495
Reduced model (430),JXQ_Cl,Pseudomonas_mendocina,Cl,8.93443e-5,0.106637070904687,0.1328933984041214
Reduced model (430),HBZZ_West_Cl,Pseudomonas_mendocina,Cl,0.001621972,0.0860897808880062,0.08326023072004318
Reduced model (430),HBZZ_Song_O3,Pseudomonas_mendocina,O3,0.016532048,0.0788255307257662,0.10898081958293915
Reduced model (430),HBZZ_East_O3,Pseudomonas_mendocina,O3,0.001342212,-0.130020109213719,-0.04386169835925102
Reduced model (430),HBZZ_East_Cl,Pseudomonas_mendocina,Cl,6.70827e-4,-0.558302069070008,-0.46035435795783997
Reduced model (430),GBD_UV_Cl,Pseudomonas_mendocina,UV_Cl,0.001749287,-0.306087389978073,-0.11794400960206985
Reduced model (430),GBD_UF,Pseudomonas_mendocina,UF,6.01027e-4,0.426180286207272,0.45991289615631104
Reduced model (430),GBD_O3,Pseudomonas_mendocina,O3,0.001351333,-0.15005391372691,0.16387797892093658
Reduced model (430),CZSC_UV,Pseudomonas_mendocina,UV,6.96327e-4,0.213986406516556,0.06231173872947693
Reduced model (430),BXH_O3_Cl,Pseudomonas_mendocina,O3_Cl,0.003783359,0.235539312494368,0.30377984046936035
Reduced model (430),WFSW_UV,Pseudomonas_putida,UV,8.02703e-4,-0.236850771698166,0.05620980262756348
Reduced model (430),SZSG_UV,Pseudomonas_putida,UV,6.07631e-4,0.406885135445753,0.2518785893917084
Reduced model (430),SZSG_UV_Cl,Pseudomonas_putida,UV_Cl,0.021834421,0.272741926671126,0.27420517802238464
Reduced model (430),SZFX_UV,Pseudomonas_putida,UV,9.45961e-4,-0.0648240409491869,-0.002892549615353346
Reduced model (430),SZBH_UV_Cl,Pseudomonas_putida,UV_Cl,0.004186333,0.190729783189567,0.09551168978214264
Reduced model (430),JXQ_O3,Pseudomonas_putida,O3,4.75417e-4,0.413954514639863,0.2955496907234192
Reduced model (430),JXQ_Cl,Pseudomonas_putida,Cl,5.61664e-4,0.143367340895916,0.17980411648750305
Reduced model (430),HBZZ_West_Cl,Pseudomonas_putida,Cl,9.17699e-4,0.340971076263739,0.1524515599012375
Reduced model (430),HBZZ_Song_O3,Pseudomonas_putida,O3,6.66916e-4,-0.0314605682944755,0.3196236491203308
Reduced model (430),HBZZ_East_O3,Pseudomonas_putida,O3,0.00442997,-1.6179062673756,-1.41360342502594
Reduced model (430),HBZZ_East_Cl,Pseudomonas_putida,Cl,0.002054185,0.111429361148686,-0.14127367734909058
Reduced model (430),GBD_UV_Cl,Pseudomonas_putida,UV_Cl,8.60201e-4,-0.51582339326751,-0.7444788813591003
Reduced model (430),GBD_UF,Pseudomonas_putida,UF,6.78935e-4,0.491184284512267,0.3990625739097595
Reduced model (430),GBD_O3,Pseudomonas_putida,O3,6.22899e-4,-0.0823402716717467,0.08286808431148529
Reduced model (430),CZSC_UV,Pseudomonas_putida,UV,0.001052349,0.137734262899213,-0.0021737399511039257
Reduced model (430),BXH_O3_Cl,Pseudomonas_putida,O3_Cl,0.009507689,0.147517125213252,0.2935311794281006
Reduced model (430),WFSW_UV,Ralstonia_solanacearum,UV,2.20243e-4,-0.206003622152865,-0.13810905814170837
Reduced model (430),SZSG_UV,Ralstonia_solanacearum,UV,4.20415e-4,0.397040689226083,0.35430529713630676
Reduced model (430),SZSG_UV_Cl,Ralstonia_solanacearum,UV_Cl,0.002343837,0.123612179998117,0.10754203796386719
Reduced model (430),SZFX_UV,Ralstonia_solanacearum,UV,4.76651e-4,-0.00593553246236884,0.21524600684642792
Reduced model (430),SZBH_UV_Cl,Ralstonia_solanacearum,UV_Cl,5.09019e-4,0.1955063372476,7.008290849626064e-4
Reduced model (430),JXQ_O3,Ralstonia_solanacearum,O3,5.97441e-4,0.448387850292424,0.4149872958660126
Reduced model (430),JXQ_Cl,Ralstonia_solanacearum,Cl,2.44835e-4,0.0869540703876903,0.13274157047271729
Reduced model (430),HBZZ_West_Cl,Ralstonia_solanacearum,Cl,0.003353918,0.36960703526513,0.44802600145339966
Reduced model (430),HBZZ_Song_O3,Ralstonia_solanacearum,O3,0.001746938,-0.234272968548807,-0.3944282829761505
Reduced model (430),HBZZ_East_O3,Ralstonia_solanacearum,O3,0.002191402,0.25372653552967,0.13207310438156128
Reduced model (430),HBZZ_East_Cl,Ralstonia_solanacearum,Cl,0.002582705,0.744779476582546,0.7772523760795593
Reduced model (430),GBD_UV_Cl,Ralstonia_solanacearum,UV_Cl,7.29804e-4,-0.26980147477143,-0.09012201428413391
Reduced model (430),GBD_UF,Ralstonia_solanacearum,UF,1.85525e-4,0.466360664233204,0.3800504207611084
Reduced model (430),GBD_O3,Ralstonia_solanacearum,O3,3.6218999999999e-4,-0.15331275642363,0.021045131608843803
Reduced model (430),CZSC_UV,Ralstonia_solanacearum,UV,1.25492e-4,0.243073812441783,0.1588713675737381
Reduced model (430),BXH_O3_Cl,Ralstonia_solanacearum,O3_Cl,5.79721e-4,0.0746195737814501,0.1894066035747528
Reduced model (430),SZFX_UV,Shigella_boydii,UV,0.094835356,0.0670886259685748,0.07820847630500793
Reduced model (430),SZBH_UV_Cl,Shigella_boydii,UV_Cl,0.071888681,0.718069143812771,0.6576600074768066
Reduced model (430),JXQ_Cl,Shigella_boydii,Cl,0.064476453,-0.142494063441341,-0.028784846886992455
Reduced model (430),GBD_UV_Cl,Shigella_boydii,UV_Cl,0.081813858,-0.084141314866973,-0.03945905715227127
Reduced model (430),GBD_UF,Shigella_boydii,UF,0.108161284,0.668632569324507,0.5786833167076111
Reduced model (430),GBD_O3,Shigella_boydii,O3,0.118815519,0.0494238115809076,0.21692632138729095
Reduced model (430),WFSW_UV,Shigella_dysenteriae,UV,0.01811167,0.171450749660438,0.12717707455158234
Reduced model (430),SZSG_UV,Shigella_dysenteriae,UV,0.016040098,0.455633253235949,0.26806363463401794
Reduced model (430),SZSG_UV_Cl,Shigella_dysenteriae,UV_Cl,0.002792973,-0.101715338284548,-0.5110317468643188
Reduced model (430),SZFX_UV,Shigella_dysenteriae,UV,0.048573432,0.131694199784285,0.06835688650608063
Reduced model (430),SZBH_UV_Cl,Shigella_dysenteriae,UV_Cl,0.044007577,0.503907222862706,0.5766535997390747
Reduced model (430),JXQ_O3,Shigella_dysenteriae,O3,0.035455528,0.511154928515913,0.3559415638446808
Reduced model (430),JXQ_Cl,Shigella_dysenteriae,Cl,0.034634757,-0.0824961337660555,0.06382787227630615
Reduced model (430),GBD_UV_Cl,Shigella_dysenteriae,UV_Cl,0.048785269,0.106053905698287,0.18536870181560516
Reduced model (430),GBD_UF,Shigella_dysenteriae,UF,0.060034194,0.740142805405214,0.6116440296173096
Reduced model (430),GBD_O3,Shigella_dysenteriae,O3,0.065400601,-0.229699296894413,0.20321238040924072
Reduced model (430),CZSC_UV,Shigella_dysenteriae,UV,0.037962714,0.276145259428194,0.2996974289417267
Reduced model (430),BXH_O3_Cl,Shigella_dysenteriae,O3_Cl,0.009200269,0.638098176800427,0.5019654631614685
Reduced model (430),WFSW_UV,Shigella_sonnei,UV,0.018185219,-0.0441490506789173,0.1039426177740097
Reduced model (430),SZSG_UV,Shigella_sonnei,UV,0.016816977,0.695210769812737,0.3275873363018036
Reduced model (430),SZFX_UV,Shigella_sonnei,UV,0.060754293,-0.146791193976506,0.058434147387742996
Reduced model (430),SZBH_UV_Cl,Shigella_sonnei,UV_Cl,0.047917491,-0.270522840517999,0.10155059397220612
Reduced model (430),JXQ_O3,Shigella_sonnei,O3,0.04339066,0.395761509813844,0.30864351987838745
Reduced model (430),JXQ_Cl,Shigella_sonnei,Cl,0.038705439,-0.142494063441341,0.06454698741436005
Reduced model (430),HBZZ_West_Cl,Shigella_sonnei,Cl,8.18182e-4,1.16107882118068,0.9155312180519104
Reduced model (430),HBZZ_East_O3,Shigella_sonnei,O3,0.00135062,-0.959240530060613,-0.5497831106185913
Reduced model (430),HBZZ_East_Cl,Shigella_sonnei,Cl,5.74289e-4,-1.06018851157928,-0.7188481092453003
Reduced model (430),GBD_UV_Cl,Shigella_sonnei,UV_Cl,0.051581688,-0.400020431569873,-0.08012627065181732
Reduced model (430),GBD_UF,Shigella_sonnei,UF,0.068548444,0.598909502196841,0.5483261346817017
Reduced model (430),GBD_O3,Shigella_sonnei,O3,0.076042636,0.276856786936626,0.2192142754793167
Reduced model (430),CZSC_UV,Shigella_sonnei,UV,0.04324889,0.366806323159249,0.32581913471221924
Reduced model (430),BXH_O3_Cl,Shigella_sonnei,O3_Cl,0.005908689,1.15758915754463,0.8016030192375183
Reduced model (430),WFSW_UV,Staphylococcus_aureus,UV,1.6446e-4,0.117575368877583,0.11952367424964905
Reduced model (430),SZSG_UV,Staphylococcus_aureus,UV,2.97729e-4,0.529573663912566,0.35800498723983765
Reduced model (430),SZSG_UV_Cl,Staphylococcus_aureus,UV_Cl,6.24521e-4,-0.404253148429998,0.0057130116038024426
Reduced model (430),SZFX_UV,Staphylococcus_aureus,UV,2.14081e-4,0.0654150420790086,0.1120099276304245
Reduced model (430),SZBH_UV_Cl,Staphylococcus_aureus,UV_Cl,5.46899e-4,1.14248404801643,0.8806101083755493
Reduced model (430),JXQ_O3,Staphylococcus_aureus,O3,4.21782e-4,0.232435598187044,0.26821866631507874
Reduced model (430),JXQ_Cl,Staphylococcus_aureus,Cl,3.36717e-4,0.199020051187768,0.2857408821582794
Reduced model (430),GBD_UV_Cl,Staphylococcus_aureus,UV_Cl,5.14645e-4,-0.015122176074761,0.22391466796398163
Reduced model (430),GBD_UF,Staphylococcus_aureus,UF,3.88465e-4,0.608925855379077,0.529162585735321
Reduced model (430),GBD_O3,Staphylococcus_aureus,O3,3.78541e-4,0.116184088654691,0.11689801514148712
Reduced model (430),CZSC_UV,Staphylococcus_aureus,UV,4.94442e-4,0.273266927064757,0.07808156311511993
Reduced model (430),BXH_O3_Cl,Staphylococcus_aureus,O3_Cl,2.16208e-4,0.323681646513572,0.30226290225982666
Reduced model (430),WFSW_UV,Vibrio_cholerae,UV,8.73523e-4,0.0702193628697386,0.274441123008728
Reduced model (430),SZSG_UV,Vibrio_cholerae,UV,3.73573e-4,0.479786111759088,0.3974914848804474
Reduced model (430),SZSG_UV_Cl,Vibrio_cholerae,UV_Cl,1.29518e-4,-0.0798831161039987,0.28394776582717896
Reduced model (430),SZFX_UV,Vibrio_cholerae,UV,8.43319e-5,0.0399400979290598,0.08819857239723206
Reduced model (430),SZBH_UV_Cl,Vibrio_cholerae,UV_Cl,1.1647e-4,0.0230390044389058,0.2585509717464447
Reduced model (430),JXQ_O3,Vibrio_cholerae,O3,7.17667e-5,0.343861187539113,0.3315812349319458
